{
  "gt_parse": {
    "menu": [
      {
        "nm": "Pan Boston",
        "cnt": "1",
        "price": "12,49",
		"etc":"28"

      },
	   {
        "nm": "Pan Salami Supreme",
        "cnt": "1",
        "price": "2,00",
		"etc":"28"

      }
    
    
    ],
    "sub_total": {
      "subtotal_price": "13,54"
      
    },
    "total": {
      "total_price": "14,49",
	  "creditcardprice": "14,49"
    }
  },
  "meta": {
    "version": "2.0.0",
    "split": "train",
    "image_id": 1,
    "image_size": {
      "width": 1280,
      "height": 855
    }
  },
  "valid_line": [
  ],
  "ROI":{
  }
  }