{
  "gt_parse": {
    "menu": [
      {
        "nm": "Pan Prosciutto e Funghi",
        "cnt": "1",
        "price": "14,08",
		"etc":"28"
        

      },
	  {
        "nm": "1L Mezzo Mix",
        "cnt": "1",
        "price": "3,29"
		
        

      }
    
    
    ],
    "sub_total": {
      "subtotal_price": "16,13"
      
    },
    "total": {
      "total_price": "17,62",
	  "creditcardprice": "17,62"
	  
	  
	  
	  
    }
  },
  "meta": {
    "version": "2.0.0",
    "split": "train",
    "image_id": 11,
    "image_size": {
      "width": 1280,
      "height": 855
    }
  },
  "valid_line": [
  ],
  "ROI":{
  }
  }