{
  "gt_parse": {
    "menu": [
      {
        "nm": "Pan Margherita",
        "cnt": "1",
        "price": "14,78",
		"etc":"32"
        

      }
    
    
    ],
    "sub_total": {
      "subtotal_price": "13,81"
      
    },
    "total": {
      "total_price": "14,78",
	  "cashprice": "14,78"
	  
	  
	  
	  
    }
  },
  "meta": {
    "version": "2.0.0",
    "split": "train",
    "image_id": 12,
    "image_size": {
      "width": 1280,
      "height": 855
    }
  },
  "valid_line": [
  ],
  "ROI":{
  }
  }