{
  "gt_parse": {
    "menu": [
      {
        "nm": "Pizza-Br Salami",
        "cnt": "1",
        "price": "5,99"
		
        

      },
	  {
        "nm": "Lava Cake",
        "cnt": "1",
        "price": "2,99"
		
        

      }
    
    
    ],
    "sub_total": {
      "subtotal_price": "8,39"
      
    },
    "total": {
      "total_price": "8,98",
	  "creditcardprice": "8,98"
	  
	  
	  
	  
	  
    }
  },
  "meta": {
    "version": "2.0.0",
    "split": "train",
    "image_id": 14,
    "image_size": {
      "width": 1280,
      "height": 855
    }
  },
  "valid_line": [
  ],
  "ROI":{
  }
  }