{
  "gt_parse": {
    "menu": [
      {
        "nm": "Penne Pasta Orlando",
        "cnt": "1",
        "price": "9,99"
		
        

      },
	  {
        "nm": "Chicken Kickers",
        "cnt": "1",
        "price": "5,99"
		
        

      },
	  {
        "nm": "Chicken Strippers",
        "cnt": "1",
        "price": "5,99"
		
        

      }
    
    
    ],
    "sub_total": {
      "subtotal_price": "20,54"
      
    },
    "total": {
      "total_price": "21,97",
	  "creditcardprice": "21,97"
	  
	  
	  
	  
	  
    }
  },
  "meta": {
    "version": "2.0.0",
    "split": "train",
    "image_id": 15,
    "image_size": {
      "width": 1280,
      "height": 855
    }
  },
  "valid_line": [
  ],
  "ROI":{
  }
  }