{
  "gt_parse": {
    "menu": [
      {
        "nm": "Pan Lunch Individuell",
        "cnt": "1",
        "price": "6,70",
		"etc":"25"
		
		
        

      },
	  {
        "nm": "Pan Lunch Individuell",
        "cnt": "1",
        "price": "5,87",
		"etc":"25"
		
		
        

      }
    
    
    ],
    "sub_total": {
      "subtotal_price": "11,75"
      
    },
    "total": {
      "total_price": "12,57",
	  "cashprice": "12,57"
	  
	  
	  
	  
	  
	  
    }
  },
  "meta": {
    "version": "2.0.0",
    "split": "train",
    "image_id": 20,
    "image_size": {
      "width": 1280,
      "height": 855
    }
  },
  "valid_line": [
  ],
  "ROI":{
  }
  }