{
  "gt_parse": {
    "menu": [
      {
        "nm": "Pan Boston",
        "cnt": "2",
        "price": "29,36",
		"etc":"32"
		
		
		
        

      },
	  {
        "nm": "Pan Lunch Rinderhack Mais",
        "cnt": "1",
        "price": "6,99",
		"etc":"25"
		
		
		
        

      }
    
    ],
    "sub_total": {
      "subtotal_price": "33,97"
      
    },
    "total": {
      "total_price": "36,35",
	  "creditcardprice": "36,35"
	  
	  
	  
	  
	  
	  
	  
    }
  },
  "meta": {
    "version": "2.0.0",
    "split": "train",
    "image_id": 22,
    "image_size": {
      "width": 1280,
      "height": 855
    }
  },
  "valid_line": [
  ],
  "ROI":{
  }
  }