{
  "gt_parse": {
    "menu": [
      {
        "nm": "Pan Tuna",
        "cnt": "1",
        "price": "9,49"
		
		
		
		
        

      },
	  {
        "nm": "500ml Vio Bio Zitrone",
        "cnt": "1",
        "price": "2,99"
		
		
		
		
        

      }
    
    ],
    "sub_total": {
      "subtotal_price": "11,59"
      
    },
    "total": {
      "total_price": "12,73",
	  "cashprice": "12,73"
	  
	  
	  
	  
	  
	  
	  
    }
  },
  "meta": {
    "version": "2.0.0",
    "split": "train",
    "image_id": 24,
    "image_size": {
      "width": 1280,
      "height": 855
    }
  },
  "valid_line": [
  ],
  "ROI":{
  }
  }