{
  "gt_parse": {
    "menu": [
      {
        "nm": "Pan Meatlover",
        "cnt": "1",
        "price": "14,99",
        "etc": "32"

      },
      {
        "nm": "Pan Dutchman",
        "cnt": "1",
        "price": "10,49",
        "etc": "28"

      }
    
    
    ],
    "sub_total": {
      "subtotal_price": "23,81"
      
    },
    "total": {
      "total_price": "25,48"
	  
    }
  },
  "meta": {
    "version": "2.0.0",
    "split": "train",
    "image_id": 3,
    "image_size": {
      "width": 1280,
      "height": 855
    }
  },
  "valid_line": [
  ],
  "ROI":{
  }
  }