{
  "gt_parse": {
    "menu": [
      {
        "nm": "Penne Pasta Orlando",
        "cnt": "1",
        "price": "9,99"
		
		
		
		
		
		
		
        

      },
	  {
        "nm": "Penne Pasta Chicko",
        "cnt": "1",
        "price": "10,99"
		
		
		
		
		
		
		
        

      },
	  {
        "nm": "Pizza-Br Salami",
        "cnt": "1",
        "price": "5,99"
		
		
		
		
		
		
		
        

      },
	  {
        "nm": "Knoblauch Dip",
        "cnt": "1",
        "price": "1,29"
		
		
		
		
		
		
		
        

      },
	  {
        "nm": "Lieferando Service Fee 0,9",
        "cnt": "1",
        "price": "0,99"
		
		
		
		
		
		
		
        

      }
    
    ],
    "sub_total": {
      "subtotal_price": "27,25"
      
    },
    "total": {
      "total_price": "29,25"
	
	 
	  
	  
	  
	  
	  
	  
	  
	  
    }
  },
  "meta": {
    "version": "2.0.0",
    "split": "train",
    "image_id": 31,
    "image_size": {
      "width": 1280,
      "height": 855
    }
  },
  "valid_line": [
  ],
  "ROI":{
  }
  }