{
  "gt_parse": {
    "menu": [
      {
        "nm": "Pan Prosciutto e Funghi",
        "cnt": "1",
        "price": "11,99",
		"etc":"28"
		
		
		
		
		
		
		
        

      },
	  {
        "nm": "Lieferando Service Fee 0,9",
        "cnt": "1",
        "price": "0,99"
		
		
		
		
		
		
		
        

      }
    
    ],
    "sub_total": {
      "subtotal_price": "12,04"
      
    },
    "total": {
      "total_price": "12,98"
	  
	
	 
	  
	  
	  
	  
	  
	  
	  
	  
    }
  },
  "meta": {
    "version": "2.0.0",
    "split": "train",
    "image_id": 33,
    "image_size": {
      "width": 1280,
      "height": 855
    }
  },
  "valid_line": [
  ],
  "ROI":{
  }
  }