{
  "gt_parse": {
    "menu": [
      {
        "nm": "Pan Meatlover",
        "cnt": "1",
        "price": "12,99",
        "etc": "25"

      },
      {
        "nm": "Pan Lucca",
        "cnt": "1",
        "price": "2,00",
        "etc": "25"

      }
    
    
    ],
    "sub_total": {
      "subtotal_price": "14,01"
      
    },
    "total": {
      "total_price": "14,99",
	  "creditcardprice": "14,99"
	  
    }
  },
  "meta": {
    "version": "2.0.0",
    "split": "train",
    "image_id": 4,
    "image_size": {
      "width": 1280,
      "height": 855
    }
  },
  "valid_line": [
  ],
  "ROI":{
  }
  }