{
  "gt_parse": {
    "menu": [
      {
        "nm": "Pan Prosciutto Supreme",
        "cnt": "1",
        "price": "12,49",
		"etc": "28"
      },
	  
	   {
        "nm": "Pan Cheese Supreme",
        "cnt": "1",
        "price": "0,00",
		"etc": "28"
      }
	  
    
    ],
    "sub_total": {
      "subtotal_price": "11,67"
      
    },
    "total": {
      "total_price": "12,49",
	  "creditcardprice": "12,49"
    }
  },
  "meta": {
    "version": "2.0.0",
    "split": "train",
    "image_id": 43,
    "image_size": {
      "width": 1280,
      "height": 855
    }
  },
  "valid_line": [
  ],
  "ROI":{
  }
  }