{
  "id": 48,
  "data": {
    "ocr": "/data/upload/12/4f9ce23d-48.jpg"
  },
  "annotations": [
    {
      "id": 33,
      "created_username": " amir_roshanzade@yahoo.com, 1",
      "created_ago": "2 weeks",
      "completed_by": {
        "id": 1,
        "first_name": "",
        "last_name": "",
        "avatar": null,
        "email": "amir_roshanzade@yahoo.com",
        "initials": "am"
      },
      "result": [
        {
          "original_width": 1280,
          "original_height": 1206,
          "image_rotation": 0,
          "value": {
            "points": [
              [
                8.286644253725521,
                24.155654769243352
              ],
              [
                9.514295254277451,
                29.375317764597007
              ],
              [
                5.677885877552673,
                29.701546701806613
              ],
              [
                4.143322126862761,
                23.992540300638552
              ]
            ],
            "closed": true
          },
          "id": "p-Ig__5Yvq",
          "from_name": "poly",
          "to_name": "image",
          "type": "polygon",
          "origin": "manual"
        },
        {
          "original_width": 1280,
          "original_height": 1206,
          "image_rotation": 0,
          "value": {
            "points": [
              [
                8.286644253725521,
                24.155654769243352
              ],
              [
                9.514295254277451,
                29.375317764597007
              ],
              [
                5.677885877552673,
                29.701546701806613
              ],
              [
                4.143322126862761,
                23.992540300638552
              ]
            ],
            "closed": true,
            "text": [
              "1"
            ]
          },
          "id": "p-Ig__5Yvq",
          "from_name": "transcription",
          "to_name": "image",
          "type": "textarea",
          "origin": "manual"
        },
        {
          "original_width": 1280,
          "original_height": 1206,
          "image_rotation": 0,
          "value": {
            "points": [
              [
                8.286644253725521,
                24.155654769243352
              ],
              [
                9.514295254277451,
                29.375317764597007
              ],
              [
                5.677885877552673,
                29.701546701806613
              ],
              [
                4.143322126862761,
                23.992540300638552
              ]
            ],
            "closed": true,
            "text": [
              "1"
            ]
          },
          "id": "p-Ig__5Yvq",
          "from_name": "Line",
          "to_name": "image",
          "type": "textarea",
          "origin": "manual"
        },
        {
          "original_width": 1280,
          "original_height": 1206,
          "image_rotation": 0,
          "value": {
            "points": [
              [
                12.736879130726267,
                24.644998175057765
              ],
              [
                13.350704631002227,
                30.190890107621023
              ],
              [
                25.780671011590506,
                30.68023351343542
              ],
              [
                25.320301886383533,
                24.155654769243352
              ]
            ],
            "closed": true
          },
          "id": "EwQ9qHFYJp",
          "from_name": "poly",
          "to_name": "image",
          "type": "polygon",
          "origin": "manual"
        },
        {
          "original_width": 1280,
          "original_height": 1206,
          "image_rotation": 0,
          "value": {
            "points": [
              [
                12.736879130726267,
                24.644998175057765
              ],
              [
                13.350704631002227,
                30.190890107621023
              ],
              [
                25.780671011590506,
                30.68023351343542
              ],
              [
                25.320301886383533,
                24.155654769243352
              ]
            ],
            "closed": true,
            "text": [
              "Penne"
            ]
          },
          "id": "EwQ9qHFYJp",
          "from_name": "transcription",
          "to_name": "image",
          "type": "textarea",
          "origin": "manual"
        },
        {
          "original_width": 1280,
          "original_height": 1206,
          "image_rotation": 0,
          "value": {
            "points": [
              [
                12.736879130726267,
                24.644998175057765
              ],
              [
                13.350704631002227,
                30.190890107621023
              ],
              [
                25.780671011590506,
                30.68023351343542
              ],
              [
                25.320301886383533,
                24.155654769243352
              ]
            ],
            "closed": true,
            "text": [
              "1"
            ]
          },
          "id": "EwQ9qHFYJp",
          "from_name": "Line",
          "to_name": "image",
          "type": "textarea",
          "origin": "manual"
        },
        {
          "original_width": 1280,
          "original_height": 1206,
          "image_rotation": 0,
          "value": {
            "points": [
              [
                36.82953001655787,
                23.340082426219343
              ],
              [
                36.676073641488884,
                31.006462450645042
              ],
              [
                26.087583761728496,
                31.658920325064216
              ],
              [
                25.93412738665949,
                22.687624551800134
              ]
            ],
            "closed": true
          },
          "id": "lgheKKfkyL",
          "from_name": "poly",
          "to_name": "image",
          "type": "polygon",
          "origin": "manual"
        },
        {
          "original_width": 1280,
          "original_height": 1206,
          "image_rotation": 0,
          "value": {
            "points": [
              [
                36.82953001655787,
                23.340082426219343
              ],
              [
                36.676073641488884,
                31.006462450645042
              ],
              [
                26.087583761728496,
                31.658920325064216
              ],
              [
                25.93412738665949,
                22.687624551800134
              ]
            ],
            "closed": true,
            "text": [
              "Pasta"
            ]
          },
          "id": "lgheKKfkyL",
          "from_name": "transcription",
          "to_name": "image",
          "type": "textarea",
          "origin": "manual"
        },
        {
          "original_width": 1280,
          "original_height": 1206,
          "image_rotation": 0,
          "value": {
            "points": [
              [
                36.82953001655787,
                23.340082426219343
              ],
              [
                36.676073641488884,
                31.006462450645042
              ],
              [
                26.087583761728496,
                31.658920325064216
              ],
              [
                25.93412738665949,
                22.687624551800134
              ]
            ],
            "closed": true,
            "text": [
              "1"
            ]
          },
          "id": "lgheKKfkyL",
          "from_name": "Line",
          "to_name": "image",
          "type": "textarea",
          "origin": "manual"
        },
        {
          "original_width": 1280,
          "original_height": 1206,
          "image_rotation": 0,
          "value": {
            "points": [
              [
                52.02171114838799,
                23.992540300638552
              ],
              [
                51.254429273043044,
                31.82203479366903
              ],
              [
                37.90372464204081,
                31.495805856459434
              ],
              [
                38.21063739217879,
                23.666311363428946
              ]
            ],
            "closed": true
          },
          "id": "I-vPh71WnB",
          "from_name": "poly",
          "to_name": "image",
          "type": "polygon",
          "origin": "manual"
        },
        {
          "original_width": 1280,
          "original_height": 1206,
          "image_rotation": 0,
          "value": {
            "points": [
              [
                52.02171114838799,
                23.992540300638552
              ],
              [
                51.254429273043044,
                31.82203479366903
              ],
              [
                37.90372464204081,
                31.495805856459434
              ],
              [
                38.21063739217879,
                23.666311363428946
              ]
            ],
            "closed": true,
            "text": [
              "Chicko"
            ]
          },
          "id": "I-vPh71WnB",
          "from_name": "transcription",
          "to_name": "image",
          "type": "textarea",
          "origin": "manual"
        },
        {
          "original_width": 1280,
          "original_height": 1206,
          "image_rotation": 0,
          "value": {
            "points": [
              [
                52.02171114838799,
                23.992540300638552
              ],
              [
                51.254429273043044,
                31.82203479366903
              ],
              [
                37.90372464204081,
                31.495805856459434
              ],
              [
                38.21063739217879,
                23.666311363428946
              ]
            ],
            "closed": true,
            "text": [
              "1"
            ]
          },
          "id": "I-vPh71WnB",
          "from_name": "Line",
          "to_name": "image",
          "type": "textarea",
          "origin": "manual"
        },
        {
          "original_width": 1280,
          "original_height": 1206,
          "image_rotation": 0,
          "value": {
            "points": [
              [
                73.45204711306454,
                24.31876923784816
              ],
              [
                83.58016786761794,
                24.644998175057765
              ],
              [
                83.73362424268691,
                30.68023351343542
              ],
              [
                72.99167798785756,
                30.843347982040225
              ]
            ],
            "closed": true
          },
          "id": "K3pa5hVA-t",
          "from_name": "poly",
          "to_name": "image",
          "type": "polygon",
          "origin": "manual"
        },
        {
          "original_width": 1280,
          "original_height": 1206,
          "image_rotation": 0,
          "value": {
            "points": [
              [
                73.45204711306454,
                24.31876923784816
              ],
              [
                83.58016786761794,
                24.644998175057765
              ],
              [
                83.73362424268691,
                30.68023351343542
              ],
              [
                72.99167798785756,
                30.843347982040225
              ]
            ],
            "closed": true,
            "text": [
              "9,49"
            ]
          },
          "id": "K3pa5hVA-t",
          "from_name": "transcription",
          "to_name": "image",
          "type": "textarea",
          "origin": "manual"
        },
        {
          "original_width": 1280,
          "original_height": 1206,
          "image_rotation": 0,
          "value": {
            "points": [
              [
                73.45204711306454,
                24.31876923784816
              ],
              [
                83.58016786761794,
                24.644998175057765
              ],
              [
                83.73362424268691,
                30.68023351343542
              ],
              [
                72.99167798785756,
                30.843347982040225
              ]
            ],
            "closed": true,
            "text": [
              "1"
            ]
          },
          "id": "K3pa5hVA-t",
          "from_name": "Line",
          "to_name": "image",
          "type": "textarea",
          "origin": "manual"
        },
        {
          "original_width": 1280,
          "original_height": 1206,
          "image_rotation": 0,
          "value": {
            "points": [
              [
                8.44010062879451,
                36.55235438320828
              ],
              [
                9.053926129070474,
                41.77201737856194
              ],
              [
                4.296778501931751,
                42.42447525298116
              ],
              [
                4.296778501931751,
                37.531041194837094
              ]
            ],
            "closed": true
          },
          "id": "SWxM35Rhhk",
          "from_name": "poly",
          "to_name": "image",
          "type": "polygon",
          "origin": "manual"
        },
        {
          "original_width": 1280,
          "original_height": 1206,
          "image_rotation": 0,
          "value": {
            "points": [
              [
                8.44010062879451,
                36.55235438320828
              ],
              [
                9.053926129070474,
                41.77201737856194
              ],
              [
                4.296778501931751,
                42.42447525298116
              ],
              [
                4.296778501931751,
                37.531041194837094
              ]
            ],
            "closed": true,
            "text": [
              "1"
            ]
          },
          "id": "SWxM35Rhhk",
          "from_name": "transcription",
          "to_name": "image",
          "type": "textarea",
          "origin": "manual"
        },
        {
          "original_width": 1280,
          "original_height": 1206,
          "image_rotation": 0,
          "value": {
            "points": [
              [
                8.44010062879451,
                36.55235438320828
              ],
              [
                9.053926129070474,
                41.77201737856194
              ],
              [
                4.296778501931751,
                42.42447525298116
              ],
              [
                4.296778501931751,
                37.531041194837094
              ]
            ],
            "closed": true,
            "text": [
              "2"
            ]
          },
          "id": "SWxM35Rhhk",
          "from_name": "Line",
          "to_name": "image",
          "type": "textarea",
          "origin": "manual"
        },
        {
          "original_width": 1280,
          "original_height": 1206,
          "image_rotation": 0,
          "value": {
            "points": [
              [
                14.885268381692141,
                37.2048122576275
              ],
              [
                15.038724756761132,
                43.403162064609965
              ],
              [
                9.66775162934644,
                43.07693312740036
              ],
              [
                9.207382504139467,
                35.89989650878907
              ]
            ],
            "closed": true
          },
          "id": "_ypegaLx70",
          "from_name": "poly",
          "to_name": "image",
          "type": "polygon",
          "origin": "manual"
        },
        {
          "original_width": 1280,
          "original_height": 1206,
          "image_rotation": 0,
          "value": {
            "points": [
              [
                14.885268381692141,
                37.2048122576275
              ],
              [
                15.038724756761132,
                43.403162064609965
              ],
              [
                9.66775162934644,
                43.07693312740036
              ],
              [
                9.207382504139467,
                35.89989650878907
              ]
            ],
            "closed": true,
            "text": [
              "28"
            ]
          },
          "id": "_ypegaLx70",
          "from_name": "transcription",
          "to_name": "image",
          "type": "textarea",
          "origin": "manual"
        },
        {
          "original_width": 1280,
          "original_height": 1206,
          "image_rotation": 0,
          "value": {
            "points": [
              [
                14.885268381692141,
                37.2048122576275
              ],
              [
                15.038724756761132,
                43.403162064609965
              ],
              [
                9.66775162934644,
                43.07693312740036
              ],
              [
                9.207382504139467,
                35.89989650878907
              ]
            ],
            "closed": true,
            "text": [
              "2"
            ]
          },
          "id": "_ypegaLx70",
          "from_name": "Line",
          "to_name": "image",
          "type": "textarea",
          "origin": "manual"
        },
        {
          "original_width": 1280,
          "original_height": 1206,
          "image_rotation": 0,
          "value": {
            "points": [
              [
                28.542875271795193,
                36.715458340734806
              ],
              [
                28.542875271795193,
                43.72938049074128
              ],
              [
                16.26636526627591,
                44.38183836516048
              ],
              [
                15.652539765999943,
                36.389229403525206
              ]
            ],
            "closed": true
          },
          "id": "NKM6Dn1-96",
          "from_name": "poly",
          "to_name": "image",
          "type": "polygon",
          "origin": "manual"
        },
        {
          "original_width": 1280,
          "original_height": 1206,
          "image_rotation": 0,
          "value": {
            "points": [
              [
                28.542875271795193,
                36.715458340734806
              ],
              [
                28.542875271795193,
                43.72938049074128
              ],
              [
                16.26636526627591,
                44.38183836516048
              ],
              [
                15.652539765999943,
                36.389229403525206
              ]
            ],
            "closed": true,
            "text": [
              "CHEESY"
            ]
          },
          "id": "NKM6Dn1-96",
          "from_name": "transcription",
          "to_name": "image",
          "type": "textarea",
          "origin": "manual"
        },
        {
          "original_width": 1280,
          "original_height": 1206,
          "image_rotation": 0,
          "value": {
            "points": [
              [
                28.542875271795193,
                36.715458340734806
              ],
              [
                28.542875271795193,
                43.72938049074128
              ],
              [
                16.26636526627591,
                44.38183836516048
              ],
              [
                15.652539765999943,
                36.389229403525206
              ]
            ],
            "closed": true,
            "text": [
              "2"
            ]
          },
          "id": "NKM6Dn1-96",
          "from_name": "Line",
          "to_name": "image",
          "type": "textarea",
          "origin": "manual"
        },
        {
          "original_width": 1280,
          "original_height": 1206,
          "image_rotation": 0,
          "value": {
            "points": [
              [
                53.70973127414689,
                36.7154688518131
              ],
              [
                53.70973127414689,
                44.055619939029164
              ],
              [
                30.537818638729238,
                43.729391001819565
              ],
              [
                30.077449513522264,
                36.22612544599868
              ]
            ],
            "closed": true
          },
          "id": "f7BSW0BNNW",
          "from_name": "poly",
          "to_name": "image",
          "type": "polygon",
          "origin": "manual"
        },
        {
          "original_width": 1280,
          "original_height": 1206,
          "image_rotation": 0,
          "value": {
            "points": [
              [
                53.70973127414689,
                36.7154688518131
              ],
              [
                53.70973127414689,
                44.055619939029164
              ],
              [
                30.537818638729238,
                43.729391001819565
              ],
              [
                30.077449513522264,
                36.22612544599868
              ]
            ],
            "closed": true,
            "text": [
              "Individuell"
            ]
          },
          "id": "f7BSW0BNNW",
          "from_name": "transcription",
          "to_name": "image",
          "type": "textarea",
          "origin": "manual"
        },
        {
          "original_width": 1280,
          "original_height": 1206,
          "image_rotation": 0,
          "value": {
            "points": [
              [
                53.70973127414689,
                36.7154688518131
              ],
              [
                53.70973127414689,
                44.055619939029164
              ],
              [
                30.537818638729238,
                43.729391001819565
              ],
              [
                30.077449513522264,
                36.22612544599868
              ]
            ],
            "closed": true,
            "text": [
              "2"
            ]
          },
          "id": "f7BSW0BNNW",
          "from_name": "Line",
          "to_name": "image",
          "type": "textarea",
          "origin": "manual"
        },
        {
          "original_width": 1280,
          "original_height": 1206,
          "image_rotation": 0,
          "value": {
            "points": [
              [
                71.76402349029324,
                36.062995210776435
              ],
              [
                84.04053699282491,
                36.715468851813085
              ],
              [
                83.42671149254896,
                42.91381865879555
              ],
              [
                73.14513436292654,
                43.07693312740036
              ]
            ],
            "closed": true
          },
          "id": "mnPuei5QVr",
          "from_name": "poly",
          "to_name": "image",
          "type": "polygon",
          "origin": "manual"
        },
        {
          "original_width": 1280,
          "original_height": 1206,
          "image_rotation": 0,
          "value": {
            "points": [
              [
                71.76402349029324,
                36.062995210776435
              ],
              [
                84.04053699282491,
                36.715468851813085
              ],
              [
                83.42671149254896,
                42.91381865879555
              ],
              [
                73.14513436292654,
                43.07693312740036
              ]
            ],
            "closed": true,
            "text": [
              "14,46"
            ]
          },
          "id": "mnPuei5QVr",
          "from_name": "transcription",
          "to_name": "image",
          "type": "textarea",
          "origin": "manual"
        },
        {
          "original_width": 1280,
          "original_height": 1206,
          "image_rotation": 0,
          "value": {
            "points": [
              [
                71.76402349029324,
                36.062995210776435
              ],
              [
                84.04053699282491,
                36.715468851813085
              ],
              [
                83.42671149254896,
                42.91381865879555
              ],
              [
                73.14513436292654,
                43.07693312740036
              ]
            ],
            "closed": true,
            "text": [
              "2"
            ]
          },
          "id": "mnPuei5QVr",
          "from_name": "Line",
          "to_name": "image",
          "type": "textarea",
          "origin": "manual"
        },
        {
          "original_width": 1280,
          "original_height": 1206,
          "image_rotation": 0,
          "value": {
            "points": [
              [
                7.979731503587538,
                49.27528293438284
              ],
              [
                8.900469754001486,
                54.65806039834127
              ],
              [
                4.450234877000743,
                54.98428933555088
              ],
              [
                4.450234877000743,
                50.090855277406845
              ]
            ],
            "closed": true
          },
          "id": "CAIbE8SoPT",
          "from_name": "poly",
          "to_name": "image",
          "type": "polygon",
          "origin": "manual"
        },
        {
          "original_width": 1280,
          "original_height": 1206,
          "image_rotation": 0,
          "value": {
            "points": [
              [
                7.979731503587538,
                49.27528293438284
              ],
              [
                8.900469754001486,
                54.65806039834127
              ],
              [
                4.450234877000743,
                54.98428933555088
              ],
              [
                4.450234877000743,
                50.090855277406845
              ]
            ],
            "closed": true,
            "text": [
              "1"
            ]
          },
          "id": "CAIbE8SoPT",
          "from_name": "transcription",
          "to_name": "image",
          "type": "textarea",
          "origin": "manual"
        },
        {
          "original_width": 1280,
          "original_height": 1206,
          "image_rotation": 0,
          "value": {
            "points": [
              [
                7.979731503587538,
                49.27528293438284
              ],
              [
                8.900469754001486,
                54.65806039834127
              ],
              [
                4.450234877000743,
                54.98428933555088
              ],
              [
                4.450234877000743,
                50.090855277406845
              ]
            ],
            "closed": true,
            "text": [
              "3"
            ]
          },
          "id": "CAIbE8SoPT",
          "from_name": "Line",
          "to_name": "image",
          "type": "textarea",
          "origin": "manual"
        },
        {
          "original_width": 1280,
          "original_height": 1206,
          "image_rotation": 0,
          "value": {
            "points": [
              [
                19.48894214869995,
                49.76463159573637
              ],
              [
                19.182029398561966,
                55.79986693411404
              ],
              [
                9.974646894422493,
                55.962981402718846
              ],
              [
                9.360821394146532,
                48.13348690968836
              ]
            ],
            "closed": true
          },
          "id": "TtsifpHfNd",
          "from_name": "poly",
          "to_name": "image",
          "type": "polygon",
          "origin": "manual"
        },
        {
          "original_width": 1280,
          "original_height": 1206,
          "image_rotation": 0,
          "value": {
            "points": [
              [
                19.48894214869995,
                49.76463159573637
              ],
              [
                19.182029398561966,
                55.79986693411404
              ],
              [
                9.974646894422493,
                55.962981402718846
              ],
              [
                9.360821394146532,
                48.13348690968836
              ]
            ],
            "closed": true,
            "text": [
              "400ml"
            ]
          },
          "id": "TtsifpHfNd",
          "from_name": "transcription",
          "to_name": "image",
          "type": "textarea",
          "origin": "manual"
        },
        {
          "original_width": 1280,
          "original_height": 1206,
          "image_rotation": 0,
          "value": {
            "points": [
              [
                19.48894214869995,
                49.76463159573637
              ],
              [
                19.182029398561966,
                55.79986693411404
              ],
              [
                9.974646894422493,
                55.962981402718846
              ],
              [
                9.360821394146532,
                48.13348690968836
              ]
            ],
            "closed": true,
            "text": [
              "3"
            ]
          },
          "id": "TtsifpHfNd",
          "from_name": "Line",
          "to_name": "image",
          "type": "textarea",
          "origin": "manual"
        },
        {
          "original_width": 1280,
          "original_height": 1206,
          "image_rotation": 0,
          "value": {
            "points": [
              [
                21.483892509658755,
                48.94905399717322
              ],
              [
                21.79080525979674,
                55.9629761471797
              ],
              [
                30.69127501379824,
                55.147403804155694
              ],
              [
                31.151644139005196,
                49.927740808802035
              ]
            ],
            "closed": true
          },
          "id": "oDYQauZH1Z",
          "from_name": "poly",
          "to_name": "image",
          "type": "polygon",
          "origin": "manual"
        },
        {
          "original_width": 1280,
          "original_height": 1206,
          "image_rotation": 0,
          "value": {
            "points": [
              [
                21.483892509658755,
                48.94905399717322
              ],
              [
                21.79080525979674,
                55.9629761471797
              ],
              [
                30.69127501379824,
                55.147403804155694
              ],
              [
                31.151644139005196,
                49.927740808802035
              ]
            ],
            "closed": true,
            "text": [
              "Fuze"
            ]
          },
          "id": "oDYQauZH1Z",
          "from_name": "transcription",
          "to_name": "image",
          "type": "textarea",
          "origin": "manual"
        },
        {
          "original_width": 1280,
          "original_height": 1206,
          "image_rotation": 0,
          "value": {
            "points": [
              [
                21.483892509658755,
                48.94905399717322
              ],
              [
                21.79080525979674,
                55.9629761471797
              ],
              [
                30.69127501379824,
                55.147403804155694
              ],
              [
                31.151644139005196,
                49.927740808802035
              ]
            ],
            "closed": true,
            "text": [
              "3"
            ]
          },
          "id": "oDYQauZH1Z",
          "from_name": "Line",
          "to_name": "image",
          "type": "textarea",
          "origin": "manual"
        },
        {
          "original_width": 1280,
          "original_height": 1206,
          "image_rotation": 0,
          "value": {
            "points": [
              [
                45.1161742702834,
                48.78593952856842
              ],
              [
                45.576543395490376,
                56.45231955299411
              ],
              [
                32.072382389419154,
                56.1260906157845
              ],
              [
                32.22583876448814,
                48.45971059135882
              ]
            ],
            "closed": true
          },
          "id": "jDqKqVST5A",
          "from_name": "poly",
          "to_name": "image",
          "type": "polygon",
          "origin": "manual"
        },
        {
          "original_width": 1280,
          "original_height": 1206,
          "image_rotation": 0,
          "value": {
            "points": [
              [
                45.1161742702834,
                48.78593952856842
              ],
              [
                45.576543395490376,
                56.45231955299411
              ],
              [
                32.072382389419154,
                56.1260906157845
              ],
              [
                32.22583876448814,
                48.45971059135882
              ]
            ],
            "closed": true,
            "text": [
              "Eistee"
            ]
          },
          "id": "jDqKqVST5A",
          "from_name": "transcription",
          "to_name": "image",
          "type": "textarea",
          "origin": "manual"
        },
        {
          "original_width": 1280,
          "original_height": 1206,
          "image_rotation": 0,
          "value": {
            "points": [
              [
                45.1161742702834,
                48.78593952856842
              ],
              [
                45.576543395490376,
                56.45231955299411
              ],
              [
                32.072382389419154,
                56.1260906157845
              ],
              [
                32.22583876448814,
                48.45971059135882
              ]
            ],
            "closed": true,
            "text": [
              "3"
            ]
          },
          "id": "jDqKqVST5A",
          "from_name": "Line",
          "to_name": "image",
          "type": "textarea",
          "origin": "manual"
        },
        {
          "original_width": 1280,
          "original_height": 1206,
          "image_rotation": 0,
          "value": {
            "points": [
              [
                63.6843851625942,
                49.92774606434118
              ],
              [
                63.68438516259417,
                56.778553745742855
              ],
              [
                46.343814779798166,
                57.26789715155726
              ],
              [
                45.729989279522215,
                48.45971584689796
              ]
            ],
            "closed": true
          },
          "id": "E2GYgMYjFd",
          "from_name": "poly",
          "to_name": "image",
          "type": "polygon",
          "origin": "manual"
        },
        {
          "original_width": 1280,
          "original_height": 1206,
          "image_rotation": 0,
          "value": {
            "points": [
              [
                63.6843851625942,
                49.92774606434118
              ],
              [
                63.68438516259417,
                56.778553745742855
              ],
              [
                46.343814779798166,
                57.26789715155726
              ],
              [
                45.729989279522215,
                48.45971584689796
              ]
            ],
            "closed": true,
            "text": [
              "Pfirsich"
            ]
          },
          "id": "E2GYgMYjFd",
          "from_name": "transcription",
          "to_name": "image",
          "type": "textarea",
          "origin": "manual"
        },
        {
          "original_width": 1280,
          "original_height": 1206,
          "image_rotation": 0,
          "value": {
            "points": [
              [
                63.6843851625942,
                49.92774606434118
              ],
              [
                63.68438516259417,
                56.778553745742855
              ],
              [
                46.343814779798166,
                57.26789715155726
              ],
              [
                45.729989279522215,
                48.45971584689796
              ]
            ],
            "closed": true,
            "text": [
              "3"
            ]
          },
          "id": "E2GYgMYjFd",
          "from_name": "Line",
          "to_name": "image",
          "type": "textarea",
          "origin": "manual"
        },
        {
          "original_width": 1280,
          "original_height": 1206,
          "image_rotation": 0,
          "value": {
            "points": [
              [
                72.99167798785756,
                49.76462634019723
              ],
              [
                83.73362424268691,
                48.622825059963624
              ],
              [
                83.73362424268691,
                54.82117486694608
              ],
              [
                73.9124162382715,
                55.636747209970096
              ]
            ],
            "closed": true
          },
          "id": "MpnFFn5-f4",
          "from_name": "poly",
          "to_name": "image",
          "type": "polygon",
          "origin": "manual"
        },
        {
          "original_width": 1280,
          "original_height": 1206,
          "image_rotation": 0,
          "value": {
            "points": [
              [
                72.99167798785756,
                49.76462634019723
              ],
              [
                83.73362424268691,
                48.622825059963624
              ],
              [
                83.73362424268691,
                54.82117486694608
              ],
              [
                73.9124162382715,
                55.636747209970096
              ]
            ],
            "closed": true,
            "text": [
              "2,29"
            ]
          },
          "id": "MpnFFn5-f4",
          "from_name": "transcription",
          "to_name": "image",
          "type": "textarea",
          "origin": "manual"
        },
        {
          "original_width": 1280,
          "original_height": 1206,
          "image_rotation": 0,
          "value": {
            "points": [
              [
                72.99167798785756,
                49.76462634019723
              ],
              [
                83.73362424268691,
                48.622825059963624
              ],
              [
                83.73362424268691,
                54.82117486694608
              ],
              [
                73.9124162382715,
                55.636747209970096
              ]
            ],
            "closed": true,
            "text": [
              "3"
            ]
          },
          "id": "MpnFFn5-f4",
          "from_name": "Line",
          "to_name": "image",
          "type": "textarea",
          "origin": "manual"
        },
        {
          "original_width": 1280,
          "original_height": 1206,
          "image_rotation": 0,
          "value": {
            "points": [
              [
                8.44010062879451,
                58.083464239042115
              ],
              [
                8.286644253725521,
                63.30312723439579
              ],
              [
                4.450234877000743,
                63.46624170300059
              ],
              [
                4.450234877000743,
                57.75723530183252
              ]
            ],
            "closed": true
          },
          "id": "BCsuuqoeuV",
          "from_name": "poly",
          "to_name": "image",
          "type": "polygon",
          "origin": "manual"
        },
        {
          "original_width": 1280,
          "original_height": 1206,
          "image_rotation": 0,
          "value": {
            "points": [
              [
                8.44010062879451,
                58.083464239042115
              ],
              [
                8.286644253725521,
                63.30312723439579
              ],
              [
                4.450234877000743,
                63.46624170300059
              ],
              [
                4.450234877000743,
                57.75723530183252
              ]
            ],
            "closed": true,
            "text": [
              "1"
            ]
          },
          "id": "BCsuuqoeuV",
          "from_name": "transcription",
          "to_name": "image",
          "type": "textarea",
          "origin": "manual"
        },
        {
          "original_width": 1280,
          "original_height": 1206,
          "image_rotation": 0,
          "value": {
            "points": [
              [
                8.44010062879451,
                58.083464239042115
              ],
              [
                8.286644253725521,
                63.30312723439579
              ],
              [
                4.450234877000743,
                63.46624170300059
              ],
              [
                4.450234877000743,
                57.75723530183252
              ]
            ],
            "closed": true,
            "text": [
              "4"
            ]
          },
          "id": "BCsuuqoeuV",
          "from_name": "Line",
          "to_name": "image",
          "type": "textarea",
          "origin": "manual"
        },
        {
          "original_width": 1280,
          "original_height": 1206,
          "image_rotation": 0,
          "value": {
            "points": [
              [
                12.58342275565727,
                58.083464239042115
              ],
              [
                12.890335505795253,
                63.30312723439579
              ],
              [
                23.632281760624632,
                63.79247064021019
              ],
              [
                24.246107260900594,
                58.735922113461335
              ]
            ],
            "closed": true
          },
          "id": "2-mTQNx_64",
          "from_name": "poly",
          "to_name": "image",
          "type": "polygon",
          "origin": "manual"
        },
        {
          "original_width": 1280,
          "original_height": 1206,
          "image_rotation": 0,
          "value": {
            "points": [
              [
                12.58342275565727,
                58.083464239042115
              ],
              [
                12.890335505795253,
                63.30312723439579
              ],
              [
                23.632281760624632,
                63.79247064021019
              ],
              [
                24.246107260900594,
                58.735922113461335
              ]
            ],
            "closed": true,
            "text": [
              "Salat"
            ]
          },
          "id": "2-mTQNx_64",
          "from_name": "transcription",
          "to_name": "image",
          "type": "textarea",
          "origin": "manual"
        },
        {
          "original_width": 1280,
          "original_height": 1206,
          "image_rotation": 0,
          "value": {
            "points": [
              [
                12.58342275565727,
                58.083464239042115
              ],
              [
                12.890335505795253,
                63.30312723439579
              ],
              [
                23.632281760624632,
                63.79247064021019
              ],
              [
                24.246107260900594,
                58.735922113461335
              ]
            ],
            "closed": true,
            "text": [
              "4"
            ]
          },
          "id": "2-mTQNx_64",
          "from_name": "Line",
          "to_name": "image",
          "type": "textarea",
          "origin": "manual"
        },
        {
          "original_width": 1280,
          "original_height": 1206,
          "image_rotation": 0,
          "value": {
            "points": [
              [
                35.601879016005945,
                58.735922113461335
              ],
              [
                35.448422640936954,
                63.95558510881495
              ],
              [
                25.627214636521522,
                62.97689829718617
              ],
              [
                25.780671011590506,
                57.920349770437326
              ]
            ],
            "closed": true
          },
          "id": "wFtmxiydBy",
          "from_name": "poly",
          "to_name": "image",
          "type": "polygon",
          "origin": "manual"
        },
        {
          "original_width": 1280,
          "original_height": 1206,
          "image_rotation": 0,
          "value": {
            "points": [
              [
                35.601879016005945,
                58.735922113461335
              ],
              [
                35.448422640936954,
                63.95558510881495
              ],
              [
                25.627214636521522,
                62.97689829718617
              ],
              [
                25.780671011590506,
                57.920349770437326
              ]
            ],
            "closed": true,
            "text": [
              "Mini"
            ]
          },
          "id": "wFtmxiydBy",
          "from_name": "transcription",
          "to_name": "image",
          "type": "textarea",
          "origin": "manual"
        },
        {
          "original_width": 1280,
          "original_height": 1206,
          "image_rotation": 0,
          "value": {
            "points": [
              [
                35.601879016005945,
                58.735922113461335
              ],
              [
                35.448422640936954,
                63.95558510881495
              ],
              [
                25.627214636521522,
                62.97689829718617
              ],
              [
                25.780671011590506,
                57.920349770437326
              ]
            ],
            "closed": true,
            "text": [
              "4"
            ]
          },
          "id": "wFtmxiydBy",
          "from_name": "Line",
          "to_name": "image",
          "type": "textarea",
          "origin": "manual"
        },
        {
          "original_width": 1280,
          "original_height": 1206,
          "image_rotation": 0,
          "value": {
            "points": [
              [
                72.68476523771957,
                58.409693176251736
              ],
              [
                84.34744974296291,
                58.572807644856525
              ],
              [
                83.73362424268691,
                65.09738638904861
              ],
              [
                73.45204711306454,
                65.586729794863
              ]
            ],
            "closed": true
          },
          "id": "2Q-gg3RItj",
          "from_name": "poly",
          "to_name": "image",
          "type": "polygon",
          "origin": "manual"
        },
        {
          "original_width": 1280,
          "original_height": 1206,
          "image_rotation": 0,
          "value": {
            "points": [
              [
                72.68476523771957,
                58.409693176251736
              ],
              [
                84.34744974296291,
                58.572807644856525
              ],
              [
                83.73362424268691,
                65.09738638904861
              ],
              [
                73.45204711306454,
                65.586729794863
              ]
            ],
            "closed": true,
            "text": [
              "2,99"
            ]
          },
          "id": "2Q-gg3RItj",
          "from_name": "transcription",
          "to_name": "image",
          "type": "textarea",
          "origin": "manual"
        },
        {
          "original_width": 1280,
          "original_height": 1206,
          "image_rotation": 0,
          "value": {
            "points": [
              [
                72.68476523771957,
                58.409693176251736
              ],
              [
                84.34744974296291,
                58.572807644856525
              ],
              [
                83.73362424268691,
                65.09738638904861
              ],
              [
                73.45204711306454,
                65.586729794863
              ]
            ],
            "closed": true,
            "text": [
              "4"
            ]
          },
          "id": "2Q-gg3RItj",
          "from_name": "Line",
          "to_name": "image",
          "type": "textarea",
          "origin": "manual"
        },
        {
          "original_width": 1280,
          "original_height": 1206,
          "image_rotation": 0,
          "value": {
            "points": [
              [
                7.979731503587538,
                67.70330893855355
              ],
              [
                4.143322126862761,
                67.37708000134394
              ],
              [
                4.450140457666331,
                62.97298409347515
              ],
              [
                8.593557003863502,
                63.13607228438422
              ]
            ],
            "closed": true
          },
          "id": "jebqSWdcBL",
          "from_name": "poly",
          "to_name": "image",
          "type": "polygon",
          "origin": "manual"
        },
        {
          "original_width": 1280,
          "original_height": 1206,
          "image_rotation": 0,
          "value": {
            "points": [
              [
                7.979731503587538,
                67.70330893855355
              ],
              [
                4.143322126862761,
                67.37708000134394
              ],
              [
                4.450140457666331,
                62.97298409347515
              ],
              [
                8.593557003863502,
                63.13607228438422
              ]
            ],
            "closed": true,
            "text": [
              "1"
            ]
          },
          "id": "jebqSWdcBL",
          "from_name": "transcription",
          "to_name": "image",
          "type": "textarea",
          "origin": "manual"
        },
        {
          "original_width": 1280,
          "original_height": 1206,
          "image_rotation": 0,
          "value": {
            "points": [
              [
                7.979731503587538,
                67.70330893855355
              ],
              [
                4.143322126862761,
                67.37708000134394
              ],
              [
                4.450140457666331,
                62.97298409347515
              ],
              [
                8.593557003863502,
                63.13607228438422
              ]
            ],
            "closed": true,
            "text": [
              "5"
            ]
          },
          "id": "jebqSWdcBL",
          "from_name": "Line",
          "to_name": "image",
          "type": "textarea",
          "origin": "manual"
        },
        {
          "original_width": 1280,
          "original_height": 1206,
          "image_rotation": 0,
          "value": {
            "points": [
              [
                37.28989914176485,
                63.46235903252437
              ],
              [
                36.982986391626866,
                69.00825096508765
              ],
              [
                9.514295254277451,
                68.68202202787803
              ],
              [
                9.667741138309285,
                62.973015626709966
              ]
            ],
            "closed": true
          },
          "id": "f77XvG3Wo2",
          "from_name": "poly",
          "to_name": "image",
          "type": "polygon",
          "origin": "manual"
        },
        {
          "original_width": 1280,
          "original_height": 1206,
          "image_rotation": 0,
          "value": {
            "points": [
              [
                37.28989914176485,
                63.46235903252437
              ],
              [
                36.982986391626866,
                69.00825096508765
              ],
              [
                9.514295254277451,
                68.68202202787803
              ],
              [
                9.667741138309285,
                62.973015626709966
              ]
            ],
            "closed": true,
            "text": [
              "Dress.Balsam"
            ]
          },
          "id": "f77XvG3Wo2",
          "from_name": "transcription",
          "to_name": "image",
          "type": "textarea",
          "origin": "manual"
        },
        {
          "original_width": 1280,
          "original_height": 1206,
          "image_rotation": 0,
          "value": {
            "points": [
              [
                37.28989914176485,
                63.46235903252437
              ],
              [
                36.982986391626866,
                69.00825096508765
              ],
              [
                9.514295254277451,
                68.68202202787803
              ],
              [
                9.667741138309285,
                62.973015626709966
              ]
            ],
            "closed": true,
            "text": [
              "5"
            ]
          },
          "id": "f77XvG3Wo2",
          "from_name": "Line",
          "to_name": "image",
          "type": "textarea",
          "origin": "manual"
        },
        {
          "original_width": 1280,
          "original_height": 1206,
          "image_rotation": 0,
          "value": {
            "points": [
              [
                7.979731503587538,
                72.75988374299807
              ],
              [
                3.0691275013798225,
                72.75988374299807
              ],
              [
                3.069120507355051,
                66.7245853381507
              ],
              [
                8.28663026567598,
                67.37704846810905
              ]
            ],
            "closed": true
          },
          "id": "wAaU-3nLPj",
          "from_name": "poly",
          "to_name": "image",
          "type": "polygon",
          "origin": "manual"
        },
        {
          "original_width": 1280,
          "original_height": 1206,
          "image_rotation": 0,
          "value": {
            "points": [
              [
                7.979731503587538,
                72.75988374299807
              ],
              [
                3.0691275013798225,
                72.75988374299807
              ],
              [
                3.069120507355051,
                66.7245853381507
              ],
              [
                8.28663026567598,
                67.37704846810905
              ]
            ],
            "closed": true,
            "text": [
              "0"
            ]
          },
          "id": "wAaU-3nLPj",
          "from_name": "transcription",
          "to_name": "image",
          "type": "textarea",
          "origin": "manual"
        },
        {
          "original_width": 1280,
          "original_height": 1206,
          "image_rotation": 0,
          "value": {
            "points": [
              [
                7.979731503587538,
                72.75988374299807
              ],
              [
                3.0691275013798225,
                72.75988374299807
              ],
              [
                3.069120507355051,
                66.7245853381507
              ],
              [
                8.28663026567598,
                67.37704846810905
              ]
            ],
            "closed": true,
            "text": [
              "6"
            ]
          },
          "id": "wAaU-3nLPj",
          "from_name": "Line",
          "to_name": "image",
          "type": "textarea",
          "origin": "manual"
        },
        {
          "original_width": 1280,
          "original_height": 1206,
          "image_rotation": 0,
          "value": {
            "points": [
              [
                9.268741973885321,
                74.37471120109255
              ],
              [
                47.43335399368432,
                75.08420132859285
              ],
              [
                47.09573842839166,
                66.6512411126552
              ],
              [
                8.440016001094785,
                67.54826084921349
              ]
            ],
            "closed": true
          },
          "id": "WxzFf2cjrY",
          "from_name": "poly",
          "to_name": "image",
          "type": "polygon",
          "origin": "manual"
        },
        {
          "original_width": 1280,
          "original_height": 1206,
          "image_rotation": 0,
          "value": {
            "points": [
              [
                9.268741973885321,
                74.37471120109255
              ],
              [
                47.43335399368432,
                75.08420132859285
              ],
              [
                47.09573842839166,
                66.6512411126552
              ],
              [
                8.440016001094785,
                67.54826084921349
              ]
            ],
            "closed": true,
            "text": [
              "Dress.Jogh.Limette"
            ]
          },
          "id": "WxzFf2cjrY",
          "from_name": "transcription",
          "to_name": "image",
          "type": "textarea",
          "origin": "manual"
        },
        {
          "original_width": 1280,
          "original_height": 1206,
          "image_rotation": 0,
          "value": {
            "points": [
              [
                9.268741973885321,
                74.37471120109255
              ],
              [
                47.43335399368432,
                75.08420132859285
              ],
              [
                47.09573842839166,
                66.6512411126552
              ],
              [
                8.440016001094785,
                67.54826084921349
              ]
            ],
            "closed": true,
            "text": [
              "6"
            ]
          },
          "id": "WxzFf2cjrY",
          "from_name": "Line",
          "to_name": "image",
          "type": "textarea",
          "origin": "manual"
        },
        {
          "original_width": 1280,
          "original_height": 1206,
          "image_rotation": 0,
          "value": {
            "points": [
              [
                4.6036912520697335,
                75.04348630346534
              ],
              [
                4.14332212686276,
                80.91560717323819
              ],
              [
                18.414765008278934,
                81.56806504765741
              ],
              [
                17.95439588307196,
                76.83774545811814
              ]
            ],
            "closed": true
          },
          "id": "XwtI-pLCA2",
          "from_name": "poly",
          "to_name": "image",
          "type": "polygon",
          "origin": "manual"
        },
        {
          "original_width": 1280,
          "original_height": 1206,
          "image_rotation": 0,
          "value": {
            "points": [
              [
                4.6036912520697335,
                75.04348630346534
              ],
              [
                4.14332212686276,
                80.91560717323819
              ],
              [
                18.414765008278934,
                81.56806504765741
              ],
              [
                17.95439588307196,
                76.83774545811814
              ]
            ],
            "closed": true,
            "text": [
              "Netto"
            ]
          },
          "id": "XwtI-pLCA2",
          "from_name": "transcription",
          "to_name": "image",
          "type": "textarea",
          "origin": "manual"
        },
        {
          "original_width": 1280,
          "original_height": 1206,
          "image_rotation": 0,
          "value": {
            "points": [
              [
                4.6036912520697335,
                75.04348630346534
              ],
              [
                4.14332212686276,
                80.91560717323819
              ],
              [
                18.414765008278934,
                81.56806504765741
              ],
              [
                17.95439588307196,
                76.83774545811814
              ]
            ],
            "closed": true,
            "text": [
              "7"
            ]
          },
          "id": "XwtI-pLCA2",
          "from_name": "Line",
          "to_name": "image",
          "type": "textarea",
          "origin": "manual"
        },
        {
          "original_width": 1280,
          "original_height": 1206,
          "image_rotation": 0,
          "value": {
            "points": [
              [
                73.91243372333342,
                74.88039285701713
              ],
              [
                87.57005110447363,
                74.5541639198075
              ],
              [
                86.95622560419767,
                81.40497160120917
              ],
              [
                73.91243372333342,
                80.91562819539477
              ]
            ],
            "closed": true
          },
          "id": "BsfZMYrrYA",
          "from_name": "poly",
          "to_name": "image",
          "type": "polygon",
          "origin": "manual"
        },
        {
          "original_width": 1280,
          "original_height": 1206,
          "image_rotation": 0,
          "value": {
            "points": [
              [
                73.91243372333342,
                74.88039285701713
              ],
              [
                87.57005110447363,
                74.5541639198075
              ],
              [
                86.95622560419767,
                81.40497160120917
              ],
              [
                73.91243372333342,
                80.91562819539477
              ]
            ],
            "closed": true,
            "text": [
              "27,30"
            ]
          },
          "id": "BsfZMYrrYA",
          "from_name": "transcription",
          "to_name": "image",
          "type": "textarea",
          "origin": "manual"
        },
        {
          "original_width": 1280,
          "original_height": 1206,
          "image_rotation": 0,
          "value": {
            "points": [
              [
                73.91243372333342,
                74.88039285701713
              ],
              [
                87.57005110447363,
                74.5541639198075
              ],
              [
                86.95622560419767,
                81.40497160120917
              ],
              [
                73.91243372333342,
                80.91562819539477
              ]
            ],
            "closed": true,
            "text": [
              "7"
            ]
          },
          "id": "BsfZMYrrYA",
          "from_name": "Line",
          "to_name": "image",
          "type": "textarea",
          "origin": "manual"
        },
        {
          "original_width": 1280,
          "original_height": 1206,
          "image_rotation": 0,
          "value": {
            "points": [
              [
                19.94932176494408,
                80.91559140662078
              ],
              [
                20.102778140013065,
                85.31968205895042
              ],
              [
                4.14331513283799,
                86.13525440197441
              ],
              [
                3.989869248806156,
                80.75240336046795
              ]
            ],
            "closed": true
          },
          "id": "tMXz_ONXv8",
          "from_name": "poly",
          "to_name": "image",
          "type": "polygon",
          "origin": "manual"
        },
        {
          "original_width": 1280,
          "original_height": 1206,
          "image_rotation": 0,
          "value": {
            "points": [
              [
                19.94932176494408,
                80.91559140662078
              ],
              [
                20.102778140013065,
                85.31968205895042
              ],
              [
                4.14331513283799,
                86.13525440197441
              ],
              [
                3.989869248806156,
                80.75240336046795
              ]
            ],
            "closed": true,
            "text": [
              "Gesamt"
            ]
          },
          "id": "tMXz_ONXv8",
          "from_name": "transcription",
          "to_name": "image",
          "type": "textarea",
          "origin": "manual"
        },
        {
          "original_width": 1280,
          "original_height": 1206,
          "image_rotation": 0,
          "value": {
            "points": [
              [
                19.94932176494408,
                80.91559140662078
              ],
              [
                20.102778140013065,
                85.31968205895042
              ],
              [
                4.14331513283799,
                86.13525440197441
              ],
              [
                3.989869248806156,
                80.75240336046795
              ]
            ],
            "closed": true,
            "text": [
              "8"
            ]
          },
          "id": "tMXz_ONXv8",
          "from_name": "Line",
          "to_name": "image",
          "type": "textarea",
          "origin": "manual"
        },
        {
          "original_width": 1280,
          "original_height": 1206,
          "image_rotation": 0,
          "value": {
            "points": [
              [
                87.00976466411797,
                87.11395698022066
              ],
              [
                74.7332546585987,
                86.95084251161586
              ],
              [
                75.04017090574906,
                80.75240861600709
              ],
              [
                87.16322103918696,
                80.26307046573184
              ]
            ],
            "closed": true
          },
          "id": "QGNY9qa_Ii",
          "from_name": "poly",
          "to_name": "image",
          "type": "polygon",
          "origin": "manual"
        },
        {
          "original_width": 1280,
          "original_height": 1206,
          "image_rotation": 0,
          "value": {
            "points": [
              [
                87.00976466411797,
                87.11395698022066
              ],
              [
                74.7332546585987,
                86.95084251161586
              ],
              [
                75.04017090574906,
                80.75240861600709
              ],
              [
                87.16322103918696,
                80.26307046573184
              ]
            ],
            "closed": true,
            "text": [
              "29,48"
            ]
          },
          "id": "QGNY9qa_Ii",
          "from_name": "transcription",
          "to_name": "image",
          "type": "textarea",
          "origin": "manual"
        },
        {
          "original_width": 1280,
          "original_height": 1206,
          "image_rotation": 0,
          "value": {
            "points": [
              [
                87.00976466411797,
                87.11395698022066
              ],
              [
                74.7332546585987,
                86.95084251161586
              ],
              [
                75.04017090574906,
                80.75240861600709
              ],
              [
                87.16322103918696,
                80.26307046573184
              ]
            ],
            "closed": true,
            "text": [
              "8"
            ]
          },
          "id": "QGNY9qa_Ii",
          "from_name": "Line",
          "to_name": "image",
          "type": "textarea",
          "origin": "manual"
        },
        {
          "original_width": 1280,
          "original_height": 1206,
          "image_rotation": 0,
          "value": {
            "points": [
              [
                9.514302248302224,
                89.56069503144928
              ],
              [
                9.514302248302224,
                94.94347249540772
              ],
              [
                4.603698246094505,
                95.59593036982692
              ],
              [
                3.5295036206115666,
                88.41889375121566
              ]
            ],
            "closed": true
          },
          "id": "WTWWBd6hPQ",
          "from_name": "poly",
          "to_name": "image",
          "type": "polygon",
          "origin": "manual"
        },
        {
          "original_width": 1280,
          "original_height": 1206,
          "image_rotation": 0,
          "value": {
            "points": [
              [
                9.514302248302224,
                89.56069503144928
              ],
              [
                9.514302248302224,
                94.94347249540772
              ],
              [
                4.603698246094505,
                95.59593036982692
              ],
              [
                3.5295036206115666,
                88.41889375121566
              ]
            ],
            "closed": true,
            "text": [
              "EC"
            ]
          },
          "id": "WTWWBd6hPQ",
          "from_name": "transcription",
          "to_name": "image",
          "type": "textarea",
          "origin": "manual"
        },
        {
          "original_width": 1280,
          "original_height": 1206,
          "image_rotation": 0,
          "value": {
            "points": [
              [
                9.514302248302224,
                89.56069503144928
              ],
              [
                9.514302248302224,
                94.94347249540772
              ],
              [
                4.603698246094505,
                95.59593036982692
              ],
              [
                3.5295036206115666,
                88.41889375121566
              ]
            ],
            "closed": true,
            "text": [
              "9"
            ]
          },
          "id": "WTWWBd6hPQ",
          "from_name": "Line",
          "to_name": "image",
          "type": "textarea",
          "origin": "manual"
        },
        {
          "original_width": 1280,
          "original_height": 1206,
          "image_rotation": 0,
          "value": {
            "points": [
              [
                22.404630760072706,
                89.07133060347827
              ],
              [
                22.251174385003715,
                96.08525275348477
              ],
              [
                10.89540262989837,
                95.59590934767036
              ],
              [
                11.048859004967364,
                88.90821613487348
              ]
            ],
            "closed": true
          },
          "id": "FGXFSZsdNd",
          "from_name": "poly",
          "to_name": "image",
          "type": "polygon",
          "origin": "manual"
        },
        {
          "original_width": 1280,
          "original_height": 1206,
          "image_rotation": 0,
          "value": {
            "points": [
              [
                22.404630760072706,
                89.07133060347827
              ],
              [
                22.251174385003715,
                96.08525275348477
              ],
              [
                10.89540262989837,
                95.59590934767036
              ],
              [
                11.048859004967364,
                88.90821613487348
              ]
            ],
            "closed": true,
            "text": [
              "Karte"
            ]
          },
          "id": "FGXFSZsdNd",
          "from_name": "transcription",
          "to_name": "image",
          "type": "textarea",
          "origin": "manual"
        },
        {
          "original_width": 1280,
          "original_height": 1206,
          "image_rotation": 0,
          "value": {
            "points": [
              [
                22.404630760072706,
                89.07133060347827
              ],
              [
                22.251174385003715,
                96.08525275348477
              ],
              [
                10.89540262989837,
                95.59590934767036
              ],
              [
                11.048859004967364,
                88.90821613487348
              ]
            ],
            "closed": true,
            "text": [
              "9"
            ]
          },
          "id": "FGXFSZsdNd",
          "from_name": "Line",
          "to_name": "image",
          "type": "textarea",
          "origin": "manual"
        },
        {
          "original_width": 1280,
          "original_height": 1206,
          "image_rotation": 0,
          "value": {
            "points": [
              [
                74.4263419084607,
                88.58198719766386
              ],
              [
                87.77704653946292,
                87.60330038603506
              ],
              [
                88.08395928960093,
                95.92213828487994
              ],
              [
                75.50053653394365,
                95.75902381627516
              ]
            ],
            "closed": true
          },
          "id": "6Dmmun1qY8",
          "from_name": "poly",
          "to_name": "image",
          "type": "polygon",
          "origin": "manual"
        },
        {
          "original_width": 1280,
          "original_height": 1206,
          "image_rotation": 0,
          "value": {
            "points": [
              [
                74.4263419084607,
                88.58198719766386
              ],
              [
                87.77704653946292,
                87.60330038603506
              ],
              [
                88.08395928960093,
                95.92213828487994
              ],
              [
                75.50053653394365,
                95.75902381627516
              ]
            ],
            "closed": true,
            "text": [
              "29,48"
            ]
          },
          "id": "6Dmmun1qY8",
          "from_name": "transcription",
          "to_name": "image",
          "type": "textarea",
          "origin": "manual"
        },
        {
          "original_width": 1280,
          "original_height": 1206,
          "image_rotation": 0,
          "value": {
            "points": [
              [
                74.4263419084607,
                88.58198719766386
              ],
              [
                87.77704653946292,
                87.60330038603506
              ],
              [
                88.08395928960093,
                95.92213828487994
              ],
              [
                75.50053653394365,
                95.75902381627516
              ]
            ],
            "closed": true,
            "text": [
              "9"
            ]
          },
          "id": "6Dmmun1qY8",
          "from_name": "Line",
          "to_name": "image",
          "type": "textarea",
          "origin": "manual"
        }
      ],
      "was_cancelled": false,
      "ground_truth": false,
      "created_at": "2023-05-27T07:46:04.106955Z",
      "updated_at": "2023-05-29T09:26:05.289585Z",
      "lead_time": 705.371,
      "last_action": null,
      "task": 52,
      "project": 12,
      "updated_by": 1,
      "parent_prediction": null,
      "parent_annotation": null,
      "last_created_by": null
    }
  ],
  "predictions": []
}