{
  "gt_parse": {
    "menu": [
      {
        "nm": "Pan Sucuk Hollandaise",
        "cnt": "1",
        "price": "13,99",
		"etc": "28"
      }
	  
	  
    
    ],
    "sub_total": {
      "subtotal_price": "13,07"
      
    },
    "total": {
      "total_price": "13,99"
	
	 
    }
  },
  "meta": {
    "version": "2.0.0",
    "split": "train",
    "image_id": 54,
    "image_size": {
      "width": 1280,
      "height": 855
    }
  },
  "valid_line": [
  ],
  "ROI":{
  }
  }