{
  "gt_parse": {
    "menu": [
      {
        "nm": "Pan Margherita",
        "cnt": "1",
        "price": "13,24",
		"etc": "32"
      },
	  
	  {
        "nm": "Pan Bombay",
        "cnt": "1",
        "price": "10,49",
		"etc": "28"
      },
	  
	  {
        "nm": "Pan Waikiki",
        "cnt": "1",
        "price": "0,00",
		"etc": "28"
      }
	  
	  
    
    ],
    "sub_total": {
      "subtotal_price": "22,17"
      
    },
    "total": {
      "total_price": "23,73",
	  "creditcardprice": "23,73"
	 
    }
  },
  "meta": {
    "version": "2.0.0",
    "split": "train",
    "image_id": 59,
    "image_size": {
      "width": 1280,
      "height": 855
    }
  },
  "valid_line": [
  ],
  "ROI":{
  }
  }