{
  "gt_parse": {
    "menu": [
      {
        "nm": "Penne Pasta Orlando",
        "cnt": "1",
        "price": "10,38"
      
      },

       {
        "nm": "Pan Danish Burger",
        "cnt": "1",
        "price": "11,04",
        "etc": "28"


      },
       {
        "nm": "Salat Gallo Verde",
        "cnt": "1",
        "price": "8,09"
       
      }
    
    ],
    "sub_total": {
      "subtotal_price": "27,58"
      
    },
    "total": {
      "total_price": "29,51",
       "creditcardprice": "29,51"
        }
  },
  "meta": {
    "version": "2.0.0",
    "split": "train",
    "image_id": 75,
    "image_size": {
      "width": 1280,
      "height": 855
    }
  },
  "valid_line": [
  ],
  "ROI":{
  }
  }
