{
  "gt_parse": {
    "menu": [
      

       {
        "nm": "Pan Prosciutto e Funghi",
        "cnt": "1",
        "price": "8,49",
        "etc": "25"


      },
       {
        "nm": "Pan Lucifer",
        "cnt": "1",
        "price": "10,49",
        "etc": "28"


      }
    
    ],
    "sub_total": {
      "subtotal_price": "17,73"
      
    },
    "total": {
      "total_price": "18,98",
      "creditcardprice": "18,98"
        }
  },
  "meta": {
    "version": "2.0.0",
    "split": "train",
    "image_id": 77,
    "image_size": {
      "width": 1280,
      "height": 855
    }
  },
  "valid_line": [
  ],
  "ROI":{
  }
  }
