{
  "id": 77,
  "data": {
    "ocr": "/data/upload/3/b9d6d205-77.jpg"
  },
  "annotations": [
    {
      "id": 10,
      "created_username": " saeidedana66@yahoo.com, 1",
      "created_ago": "2 weeks, 1 day",
      "completed_by": {
        "id": 1,
        "first_name": "",
        "last_name": "",
        "avatar": null,
        "email": "saeidedana66@yahoo.com",
        "initials": "sa"
      },
      "result": [
        {
          "original_width": 1280,
          "original_height": 902,
          "image_rotation": 0,
          "value": {
            "points": [
              [
                2.553191489361702,
                35.347432024169194
              ],
              [
                5.74468085106383,
                35.347432024169194
              ],
              [
                6.170212765957447,
                41.993957703927485
              ],
              [
                2.765957446808511,
                41.69184290030211
              ]
            ],
            "closed": true
          },
          "id": "6z9HMpc6Ly",
          "from_name": "poly",
          "to_name": "image",
          "type": "polygon",
          "origin": "manual"
        },
        {
          "original_width": 1280,
          "original_height": 902,
          "image_rotation": 0,
          "value": {
            "points": [
              [
                2.553191489361702,
                35.347432024169194
              ],
              [
                5.74468085106383,
                35.347432024169194
              ],
              [
                6.170212765957447,
                41.993957703927485
              ],
              [
                2.765957446808511,
                41.69184290030211
              ]
            ],
            "closed": true,
            "text": [
              "1"
            ]
          },
          "id": "6z9HMpc6Ly",
          "from_name": "transcription",
          "to_name": "image",
          "type": "textarea",
          "origin": "manual"
        },
        {
          "original_width": 1280,
          "original_height": 902,
          "image_rotation": 0,
          "value": {
            "points": [
              [
                2.553191489361702,
                35.347432024169194
              ],
              [
                5.74468085106383,
                35.347432024169194
              ],
              [
                6.170212765957447,
                41.993957703927485
              ],
              [
                2.765957446808511,
                41.69184290030211
              ]
            ],
            "closed": true,
            "text": [
              "1"
            ]
          },
          "id": "6z9HMpc6Ly",
          "from_name": "Line",
          "to_name": "image",
          "type": "textarea",
          "origin": "manual"
        },
        {
          "original_width": 1280,
          "original_height": 902,
          "image_rotation": 0,
          "value": {
            "points": [
              [
                7.234042553191488,
                34.44108761329305
              ],
              [
                12.127659574468087,
                34.44108761329305
              ],
              [
                12.553191489361701,
                41.08761329305136
              ],
              [
                7.2340425531914905,
                41.993957703927485
              ]
            ],
            "closed": true
          },
          "id": "uAIihOLAu4",
          "from_name": "poly",
          "to_name": "image",
          "type": "polygon",
          "origin": "manual"
        },
        {
          "original_width": 1280,
          "original_height": 902,
          "image_rotation": 0,
          "value": {
            "points": [
              [
                7.234042553191488,
                34.44108761329305
              ],
              [
                12.127659574468087,
                34.44108761329305
              ],
              [
                12.553191489361701,
                41.08761329305136
              ],
              [
                7.2340425531914905,
                41.993957703927485
              ]
            ],
            "closed": true,
            "text": [
              "25"
            ]
          },
          "id": "uAIihOLAu4",
          "from_name": "transcription",
          "to_name": "image",
          "type": "textarea",
          "origin": "manual"
        },
        {
          "original_width": 1280,
          "original_height": 902,
          "image_rotation": 0,
          "value": {
            "points": [
              [
                7.234042553191488,
                34.44108761329305
              ],
              [
                12.127659574468087,
                34.44108761329305
              ],
              [
                12.553191489361701,
                41.08761329305136
              ],
              [
                7.2340425531914905,
                41.993957703927485
              ]
            ],
            "closed": true,
            "text": [
              "1"
            ]
          },
          "id": "uAIihOLAu4",
          "from_name": "Line",
          "to_name": "image",
          "type": "textarea",
          "origin": "manual"
        },
        {
          "original_width": 1280,
          "original_height": 902,
          "image_rotation": 0,
          "value": {
            "points": [
              [
                21.06382978723404,
                34.44108761329305
              ],
              [
                21.06382978723404,
                41.69184290030211
              ],
              [
                13.829787234042554,
                41.993957703927485
              ],
              [
                13.617021276595745,
                34.74320241691843
              ]
            ],
            "closed": true
          },
          "id": "rH0hvKwjmR",
          "from_name": "poly",
          "to_name": "image",
          "type": "polygon",
          "origin": "manual"
        },
        {
          "original_width": 1280,
          "original_height": 902,
          "image_rotation": 0,
          "value": {
            "points": [
              [
                21.06382978723404,
                34.44108761329305
              ],
              [
                21.06382978723404,
                41.69184290030211
              ],
              [
                13.829787234042554,
                41.993957703927485
              ],
              [
                13.617021276595745,
                34.74320241691843
              ]
            ],
            "closed": true,
            "text": [
              "Pan"
            ]
          },
          "id": "rH0hvKwjmR",
          "from_name": "transcription",
          "to_name": "image",
          "type": "textarea",
          "origin": "manual"
        },
        {
          "original_width": 1280,
          "original_height": 902,
          "image_rotation": 0,
          "value": {
            "points": [
              [
                21.06382978723404,
                34.44108761329305
              ],
              [
                21.06382978723404,
                41.69184290030211
              ],
              [
                13.829787234042554,
                41.993957703927485
              ],
              [
                13.617021276595745,
                34.74320241691843
              ]
            ],
            "closed": true,
            "text": [
              "1"
            ]
          },
          "id": "rH0hvKwjmR",
          "from_name": "Line",
          "to_name": "image",
          "type": "textarea",
          "origin": "manual"
        },
        {
          "original_width": 1280,
          "original_height": 902,
          "image_rotation": 0,
          "value": {
            "points": [
              [
                44.8936170212766,
                33.8368580060423
              ],
              [
                45.31914893617021,
                40.483383685800604
              ],
              [
                22.5531914893617,
                41.69184290030211
              ],
              [
                22.3404255319149,
                34.13897280966766
              ]
            ],
            "closed": true
          },
          "id": "Dnux1_Whts",
          "from_name": "poly",
          "to_name": "image",
          "type": "polygon",
          "origin": "manual"
        },
        {
          "original_width": 1280,
          "original_height": 902,
          "image_rotation": 0,
          "value": {
            "points": [
              [
                44.8936170212766,
                33.8368580060423
              ],
              [
                45.31914893617021,
                40.483383685800604
              ],
              [
                22.5531914893617,
                41.69184290030211
              ],
              [
                22.3404255319149,
                34.13897280966766
              ]
            ],
            "closed": true,
            "text": [
              "Prosciutto"
            ]
          },
          "id": "Dnux1_Whts",
          "from_name": "transcription",
          "to_name": "image",
          "type": "textarea",
          "origin": "manual"
        },
        {
          "original_width": 1280,
          "original_height": 902,
          "image_rotation": 0,
          "value": {
            "points": [
              [
                44.8936170212766,
                33.8368580060423
              ],
              [
                45.31914893617021,
                40.483383685800604
              ],
              [
                22.5531914893617,
                41.69184290030211
              ],
              [
                22.3404255319149,
                34.13897280966766
              ]
            ],
            "closed": true,
            "text": [
              "1"
            ]
          },
          "id": "Dnux1_Whts",
          "from_name": "Line",
          "to_name": "image",
          "type": "textarea",
          "origin": "manual"
        },
        {
          "original_width": 1280,
          "original_height": 902,
          "image_rotation": 0,
          "value": {
            "points": [
              [
                46.28571428571429,
                34.054054054054056
              ],
              [
                49.142857142857146,
                34.054054054054056
              ],
              [
                49.714285714285715,
                40.54054054054054
              ],
              [
                46.666666666666664,
                40.54054054054054
              ]
            ],
            "closed": true
          },
          "id": "8vTeqNkBLc",
          "from_name": "poly",
          "to_name": "image",
          "type": "polygon",
          "origin": "manual"
        },
        {
          "original_width": 1280,
          "original_height": 902,
          "image_rotation": 0,
          "value": {
            "points": [
              [
                46.28571428571429,
                34.054054054054056
              ],
              [
                49.142857142857146,
                34.054054054054056
              ],
              [
                49.714285714285715,
                40.54054054054054
              ],
              [
                46.666666666666664,
                40.54054054054054
              ]
            ],
            "closed": true,
            "text": [
              "e"
            ]
          },
          "id": "8vTeqNkBLc",
          "from_name": "transcription",
          "to_name": "image",
          "type": "textarea",
          "origin": "manual"
        },
        {
          "original_width": 1280,
          "original_height": 902,
          "image_rotation": 0,
          "value": {
            "points": [
              [
                46.28571428571429,
                34.054054054054056
              ],
              [
                49.142857142857146,
                34.054054054054056
              ],
              [
                49.714285714285715,
                40.54054054054054
              ],
              [
                46.666666666666664,
                40.54054054054054
              ]
            ],
            "closed": true,
            "text": [
              "1"
            ]
          },
          "id": "8vTeqNkBLc",
          "from_name": "Line",
          "to_name": "image",
          "type": "textarea",
          "origin": "manual"
        },
        {
          "original_width": 1280,
          "original_height": 902,
          "image_rotation": 0,
          "value": {
            "points": [
              [
                50.66666666666665,
                33.24324324324325
              ],
              [
                64.19047619047619,
                32.7027027027027
              ],
              [
                64.19047619047619,
                40.810810810810814
              ],
              [
                51.04761904761905,
                41.08108108108108
              ]
            ],
            "closed": true
          },
          "id": "dkGXku4XHZ",
          "from_name": "poly",
          "to_name": "image",
          "type": "polygon",
          "origin": "manual"
        },
        {
          "original_width": 1280,
          "original_height": 902,
          "image_rotation": 0,
          "value": {
            "points": [
              [
                50.66666666666665,
                33.24324324324325
              ],
              [
                64.19047619047619,
                32.7027027027027
              ],
              [
                64.19047619047619,
                40.810810810810814
              ],
              [
                51.04761904761905,
                41.08108108108108
              ]
            ],
            "closed": true,
            "text": [
              "Funghi"
            ]
          },
          "id": "dkGXku4XHZ",
          "from_name": "transcription",
          "to_name": "image",
          "type": "textarea",
          "origin": "manual"
        },
        {
          "original_width": 1280,
          "original_height": 902,
          "image_rotation": 0,
          "value": {
            "points": [
              [
                50.66666666666665,
                33.24324324324325
              ],
              [
                64.19047619047619,
                32.7027027027027
              ],
              [
                64.19047619047619,
                40.810810810810814
              ],
              [
                51.04761904761905,
                41.08108108108108
              ]
            ],
            "closed": true,
            "text": [
              "1"
            ]
          },
          "id": "dkGXku4XHZ",
          "from_name": "Line",
          "to_name": "image",
          "type": "textarea",
          "origin": "manual"
        },
        {
          "original_width": 1280,
          "original_height": 902,
          "image_rotation": 0,
          "value": {
            "points": [
              [
                76.38095238095238,
                32.432432432432435
              ],
              [
                86.66666666666667,
                32.16216216216216
              ],
              [
                86.66666666666667,
                40
              ],
              [
                76.38095238095238,
                40.270270270270274
              ]
            ],
            "closed": true
          },
          "id": "usj1x5Vxuk",
          "from_name": "poly",
          "to_name": "image",
          "type": "polygon",
          "origin": "manual"
        },
        {
          "original_width": 1280,
          "original_height": 902,
          "image_rotation": 0,
          "value": {
            "points": [
              [
                76.38095238095238,
                32.432432432432435
              ],
              [
                86.66666666666667,
                32.16216216216216
              ],
              [
                86.66666666666667,
                40
              ],
              [
                76.38095238095238,
                40.270270270270274
              ]
            ],
            "closed": true,
            "text": [
              "8,49"
            ]
          },
          "id": "usj1x5Vxuk",
          "from_name": "transcription",
          "to_name": "image",
          "type": "textarea",
          "origin": "manual"
        },
        {
          "original_width": 1280,
          "original_height": 902,
          "image_rotation": 0,
          "value": {
            "points": [
              [
                76.38095238095238,
                32.432432432432435
              ],
              [
                86.66666666666667,
                32.16216216216216
              ],
              [
                86.66666666666667,
                40
              ],
              [
                76.38095238095238,
                40.270270270270274
              ]
            ],
            "closed": true,
            "text": [
              "1"
            ]
          },
          "id": "usj1x5Vxuk",
          "from_name": "Line",
          "to_name": "image",
          "type": "textarea",
          "origin": "manual"
        },
        {
          "original_width": 1280,
          "original_height": 902,
          "image_rotation": 0,
          "value": {
            "points": [
              [
                2.857142857142857,
                47.027027027027025
              ],
              [
                5.714285714285714,
                47.027027027027025
              ],
              [
                5.904761904761905,
                53.513513513513516
              ],
              [
                3.238095238095238,
                53.78378378378378
              ]
            ],
            "closed": true
          },
          "id": "DSxd6FnGBs",
          "from_name": "poly",
          "to_name": "image",
          "type": "polygon",
          "origin": "manual"
        },
        {
          "original_width": 1280,
          "original_height": 902,
          "image_rotation": 0,
          "value": {
            "points": [
              [
                2.857142857142857,
                47.027027027027025
              ],
              [
                5.714285714285714,
                47.027027027027025
              ],
              [
                5.904761904761905,
                53.513513513513516
              ],
              [
                3.238095238095238,
                53.78378378378378
              ]
            ],
            "closed": true,
            "text": [
              "1"
            ]
          },
          "id": "DSxd6FnGBs",
          "from_name": "transcription",
          "to_name": "image",
          "type": "textarea",
          "origin": "manual"
        },
        {
          "original_width": 1280,
          "original_height": 902,
          "image_rotation": 0,
          "value": {
            "points": [
              [
                2.857142857142857,
                47.027027027027025
              ],
              [
                5.714285714285714,
                47.027027027027025
              ],
              [
                5.904761904761905,
                53.513513513513516
              ],
              [
                3.238095238095238,
                53.78378378378378
              ]
            ],
            "closed": true,
            "text": [
              "2"
            ]
          },
          "id": "DSxd6FnGBs",
          "from_name": "Line",
          "to_name": "image",
          "type": "textarea",
          "origin": "manual"
        },
        {
          "original_width": 1280,
          "original_height": 902,
          "image_rotation": 0,
          "value": {
            "points": [
              [
                12.380952380952381,
                47.027027027027025
              ],
              [
                7.0476190476190474,
                47.027027027027025
              ],
              [
                7.809523809523809,
                54.5945945945946
              ],
              [
                12.19047619047619,
                53.78378378378378
              ]
            ],
            "closed": true
          },
          "id": "7ZrAv8_dPw",
          "from_name": "poly",
          "to_name": "image",
          "type": "polygon",
          "origin": "manual"
        },
        {
          "original_width": 1280,
          "original_height": 902,
          "image_rotation": 0,
          "value": {
            "points": [
              [
                12.380952380952381,
                47.027027027027025
              ],
              [
                7.0476190476190474,
                47.027027027027025
              ],
              [
                7.809523809523809,
                54.5945945945946
              ],
              [
                12.19047619047619,
                53.78378378378378
              ]
            ],
            "closed": true,
            "text": [
              "28"
            ]
          },
          "id": "7ZrAv8_dPw",
          "from_name": "transcription",
          "to_name": "image",
          "type": "textarea",
          "origin": "manual"
        },
        {
          "original_width": 1280,
          "original_height": 902,
          "image_rotation": 0,
          "value": {
            "points": [
              [
                12.380952380952381,
                47.027027027027025
              ],
              [
                7.0476190476190474,
                47.027027027027025
              ],
              [
                7.809523809523809,
                54.5945945945946
              ],
              [
                12.19047619047619,
                53.78378378378378
              ]
            ],
            "closed": true,
            "text": [
              "2"
            ]
          },
          "id": "7ZrAv8_dPw",
          "from_name": "Line",
          "to_name": "image",
          "type": "textarea",
          "origin": "manual"
        },
        {
          "original_width": 1280,
          "original_height": 902,
          "image_rotation": 0,
          "value": {
            "points": [
              [
                21.142857142857142,
                47.2972972972973
              ],
              [
                21.333333333333332,
                54.054054054054056
              ],
              [
                13.904761904761905,
                53.78378378378378
              ],
              [
                13.714285714285714,
                47.027027027027025
              ]
            ],
            "closed": true
          },
          "id": "DlftnvYGD-",
          "from_name": "poly",
          "to_name": "image",
          "type": "polygon",
          "origin": "manual"
        },
        {
          "original_width": 1280,
          "original_height": 902,
          "image_rotation": 0,
          "value": {
            "points": [
              [
                21.142857142857142,
                47.2972972972973
              ],
              [
                21.333333333333332,
                54.054054054054056
              ],
              [
                13.904761904761905,
                53.78378378378378
              ],
              [
                13.714285714285714,
                47.027027027027025
              ]
            ],
            "closed": true,
            "text": [
              "Pan"
            ]
          },
          "id": "DlftnvYGD-",
          "from_name": "transcription",
          "to_name": "image",
          "type": "textarea",
          "origin": "manual"
        },
        {
          "original_width": 1280,
          "original_height": 902,
          "image_rotation": 0,
          "value": {
            "points": [
              [
                21.142857142857142,
                47.2972972972973
              ],
              [
                21.333333333333332,
                54.054054054054056
              ],
              [
                13.904761904761905,
                53.78378378378378
              ],
              [
                13.714285714285714,
                47.027027027027025
              ]
            ],
            "closed": true,
            "text": [
              "2"
            ]
          },
          "id": "DlftnvYGD-",
          "from_name": "Line",
          "to_name": "image",
          "type": "textarea",
          "origin": "manual"
        },
        {
          "original_width": 1280,
          "original_height": 902,
          "image_rotation": 0,
          "value": {
            "points": [
              [
                22.857142857142858,
                47.027027027027025
              ],
              [
                38.666666666666664,
                47.027027027027025
              ],
              [
                38.666666666666664,
                53.78378378378378
              ],
              [
                22.857142857142858,
                54.054054054054056
              ]
            ],
            "closed": true
          },
          "id": "9mYHT8KML_",
          "from_name": "poly",
          "to_name": "image",
          "type": "polygon",
          "origin": "manual"
        },
        {
          "original_width": 1280,
          "original_height": 902,
          "image_rotation": 0,
          "value": {
            "points": [
              [
                22.857142857142858,
                47.027027027027025
              ],
              [
                38.666666666666664,
                47.027027027027025
              ],
              [
                38.666666666666664,
                53.78378378378378
              ],
              [
                22.857142857142858,
                54.054054054054056
              ]
            ],
            "closed": true,
            "text": [
              "Lucifer"
            ]
          },
          "id": "9mYHT8KML_",
          "from_name": "transcription",
          "to_name": "image",
          "type": "textarea",
          "origin": "manual"
        },
        {
          "original_width": 1280,
          "original_height": 902,
          "image_rotation": 0,
          "value": {
            "points": [
              [
                22.857142857142858,
                47.027027027027025
              ],
              [
                38.666666666666664,
                47.027027027027025
              ],
              [
                38.666666666666664,
                53.78378378378378
              ],
              [
                22.857142857142858,
                54.054054054054056
              ]
            ],
            "closed": true,
            "text": [
              "2"
            ]
          },
          "id": "9mYHT8KML_",
          "from_name": "Line",
          "to_name": "image",
          "type": "textarea",
          "origin": "manual"
        },
        {
          "original_width": 1280,
          "original_height": 902,
          "image_rotation": 0,
          "value": {
            "points": [
              [
                74.66666666666667,
                45.40540540540542
              ],
              [
                86.66666666666667,
                45.4054054054054
              ],
              [
                86.85714285714286,
                51.891891891891895
              ],
              [
                76,
                52.7027027027027
              ]
            ],
            "closed": true
          },
          "id": "7dq9yoPtoQ",
          "from_name": "poly",
          "to_name": "image",
          "type": "polygon",
          "origin": "manual"
        },
        {
          "original_width": 1280,
          "original_height": 902,
          "image_rotation": 0,
          "value": {
            "points": [
              [
                74.66666666666667,
                45.40540540540542
              ],
              [
                86.66666666666667,
                45.4054054054054
              ],
              [
                86.85714285714286,
                51.891891891891895
              ],
              [
                76,
                52.7027027027027
              ]
            ],
            "closed": true,
            "text": [
              "10,49"
            ]
          },
          "id": "7dq9yoPtoQ",
          "from_name": "transcription",
          "to_name": "image",
          "type": "textarea",
          "origin": "manual"
        },
        {
          "original_width": 1280,
          "original_height": 902,
          "image_rotation": 0,
          "value": {
            "points": [
              [
                74.66666666666667,
                45.40540540540542
              ],
              [
                86.66666666666667,
                45.4054054054054
              ],
              [
                86.85714285714286,
                51.891891891891895
              ],
              [
                76,
                52.7027027027027
              ]
            ],
            "closed": true,
            "text": [
              "2"
            ]
          },
          "id": "7dq9yoPtoQ",
          "from_name": "Line",
          "to_name": "image",
          "type": "textarea",
          "origin": "manual"
        },
        {
          "original_width": 1280,
          "original_height": 902,
          "image_rotation": 0,
          "value": {
            "points": [
              [
                2.857142857142857,
                65.4054054054054
              ],
              [
                15.047619047619047,
                65.4054054054054
              ],
              [
                15.238095238095237,
                71.35135135135135
              ],
              [
                3.0476190476190474,
                71.62162162162163
              ]
            ],
            "closed": true
          },
          "id": "ZLiIpa7MX4",
          "from_name": "poly",
          "to_name": "image",
          "type": "polygon",
          "origin": "manual"
        },
        {
          "original_width": 1280,
          "original_height": 902,
          "image_rotation": 0,
          "value": {
            "points": [
              [
                2.857142857142857,
                65.4054054054054
              ],
              [
                15.047619047619047,
                65.4054054054054
              ],
              [
                15.238095238095237,
                71.35135135135135
              ],
              [
                3.0476190476190474,
                71.62162162162163
              ]
            ],
            "closed": true,
            "text": [
              "Netto"
            ]
          },
          "id": "ZLiIpa7MX4",
          "from_name": "transcription",
          "to_name": "image",
          "type": "textarea",
          "origin": "manual"
        },
        {
          "original_width": 1280,
          "original_height": 902,
          "image_rotation": 0,
          "value": {
            "points": [
              [
                2.857142857142857,
                65.4054054054054
              ],
              [
                15.047619047619047,
                65.4054054054054
              ],
              [
                15.238095238095237,
                71.35135135135135
              ],
              [
                3.0476190476190474,
                71.62162162162163
              ]
            ],
            "closed": true,
            "text": [
              "3"
            ]
          },
          "id": "ZLiIpa7MX4",
          "from_name": "Line",
          "to_name": "image",
          "type": "textarea",
          "origin": "manual"
        },
        {
          "original_width": 1280,
          "original_height": 902,
          "image_rotation": 0,
          "value": {
            "points": [
              [
                77.33333333333333,
                63.24324324324324
              ],
              [
                89.14285714285714,
                62.7027027027027
              ],
              [
                89.52380952380952,
                69.1891891891892
              ],
              [
                77.52380952380952,
                69.72972972972973
              ]
            ],
            "closed": true
          },
          "id": "4mEblhG-dA",
          "from_name": "poly",
          "to_name": "image",
          "type": "polygon",
          "origin": "manual"
        },
        {
          "original_width": 1280,
          "original_height": 902,
          "image_rotation": 0,
          "value": {
            "points": [
              [
                77.33333333333333,
                63.24324324324324
              ],
              [
                89.14285714285714,
                62.7027027027027
              ],
              [
                89.52380952380952,
                69.1891891891892
              ],
              [
                77.52380952380952,
                69.72972972972973
              ]
            ],
            "closed": true,
            "text": [
              "17,73"
            ]
          },
          "id": "4mEblhG-dA",
          "from_name": "transcription",
          "to_name": "image",
          "type": "textarea",
          "origin": "manual"
        },
        {
          "original_width": 1280,
          "original_height": 902,
          "image_rotation": 0,
          "value": {
            "points": [
              [
                77.33333333333333,
                63.24324324324324
              ],
              [
                89.14285714285714,
                62.7027027027027
              ],
              [
                89.52380952380952,
                69.1891891891892
              ],
              [
                77.52380952380952,
                69.72972972972973
              ]
            ],
            "closed": true,
            "text": [
              "3"
            ]
          },
          "id": "4mEblhG-dA",
          "from_name": "Line",
          "to_name": "image",
          "type": "textarea",
          "origin": "manual"
        },
        {
          "original_width": 1280,
          "original_height": 902,
          "image_rotation": 0,
          "value": {
            "points": [
              [
                17.523809523809526,
                78.10810810810811
              ],
              [
                2.857142857142857,
                78.37837837837837
              ],
              [
                2.857142857142857,
                71.35135135135135
              ],
              [
                17.333333333333332,
                71.62162162162163
              ]
            ],
            "closed": true
          },
          "id": "VnsrFiv0r_",
          "from_name": "poly",
          "to_name": "image",
          "type": "polygon",
          "origin": "manual"
        },
        {
          "original_width": 1280,
          "original_height": 902,
          "image_rotation": 0,
          "value": {
            "points": [
              [
                17.523809523809526,
                78.10810810810811
              ],
              [
                2.857142857142857,
                78.37837837837837
              ],
              [
                2.857142857142857,
                71.35135135135135
              ],
              [
                17.333333333333332,
                71.62162162162163
              ]
            ],
            "closed": true,
            "text": [
              "Gesamt"
            ]
          },
          "id": "VnsrFiv0r_",
          "from_name": "transcription",
          "to_name": "image",
          "type": "textarea",
          "origin": "manual"
        },
        {
          "original_width": 1280,
          "original_height": 902,
          "image_rotation": 0,
          "value": {
            "points": [
              [
                17.523809523809526,
                78.10810810810811
              ],
              [
                2.857142857142857,
                78.37837837837837
              ],
              [
                2.857142857142857,
                71.35135135135135
              ],
              [
                17.333333333333332,
                71.62162162162163
              ]
            ],
            "closed": true,
            "text": [
              "4"
            ]
          },
          "id": "VnsrFiv0r_",
          "from_name": "Line",
          "to_name": "image",
          "type": "textarea",
          "origin": "manual"
        },
        {
          "original_width": 1280,
          "original_height": 902,
          "image_rotation": 0,
          "value": {
            "points": [
              [
                89.33333333333333,
                75.94594594594595
              ],
              [
                77.71428571428571,
                76.48648648648648
              ],
              [
                77.71428571428571,
                70
              ],
              [
                89.33333333333333,
                69.72972972972973
              ]
            ],
            "closed": true
          },
          "id": "P1sLG3OFdh",
          "from_name": "poly",
          "to_name": "image",
          "type": "polygon",
          "origin": "manual"
        },
        {
          "original_width": 1280,
          "original_height": 902,
          "image_rotation": 0,
          "value": {
            "points": [
              [
                89.33333333333333,
                75.94594594594595
              ],
              [
                77.71428571428571,
                76.48648648648648
              ],
              [
                77.71428571428571,
                70
              ],
              [
                89.33333333333333,
                69.72972972972973
              ]
            ],
            "closed": true,
            "text": [
              "18,98"
            ]
          },
          "id": "P1sLG3OFdh",
          "from_name": "transcription",
          "to_name": "image",
          "type": "textarea",
          "origin": "manual"
        },
        {
          "original_width": 1280,
          "original_height": 902,
          "image_rotation": 0,
          "value": {
            "points": [
              [
                89.33333333333333,
                75.94594594594595
              ],
              [
                77.71428571428571,
                76.48648648648648
              ],
              [
                77.71428571428571,
                70
              ],
              [
                89.33333333333333,
                69.72972972972973
              ]
            ],
            "closed": true,
            "text": [
              "4"
            ]
          },
          "id": "P1sLG3OFdh",
          "from_name": "Line",
          "to_name": "image",
          "type": "textarea",
          "origin": "manual"
        },
        {
          "original_width": 1280,
          "original_height": 902,
          "image_rotation": 0,
          "value": {
            "points": [
              [
                3.80952380952381,
                91.89189189189192
              ],
              [
                8.761904761904763,
                91.89189189189189
              ],
              [
                8.761904761904763,
                82.97297297297297
              ],
              [
                3.619047619047619,
                82.97297297297297
              ]
            ],
            "closed": true
          },
          "id": "haWiWlUxRp",
          "from_name": "poly",
          "to_name": "image",
          "type": "polygon",
          "origin": "manual"
        },
        {
          "original_width": 1280,
          "original_height": 902,
          "image_rotation": 0,
          "value": {
            "points": [
              [
                3.80952380952381,
                91.89189189189192
              ],
              [
                8.761904761904763,
                91.89189189189189
              ],
              [
                8.761904761904763,
                82.97297297297297
              ],
              [
                3.619047619047619,
                82.97297297297297
              ]
            ],
            "closed": true,
            "text": [
              "EC"
            ]
          },
          "id": "haWiWlUxRp",
          "from_name": "transcription",
          "to_name": "image",
          "type": "textarea",
          "origin": "manual"
        },
        {
          "original_width": 1280,
          "original_height": 902,
          "image_rotation": 0,
          "value": {
            "points": [
              [
                3.80952380952381,
                91.89189189189192
              ],
              [
                8.761904761904763,
                91.89189189189189
              ],
              [
                8.761904761904763,
                82.97297297297297
              ],
              [
                3.619047619047619,
                82.97297297297297
              ]
            ],
            "closed": true,
            "text": [
              "5"
            ]
          },
          "id": "haWiWlUxRp",
          "from_name": "Line",
          "to_name": "image",
          "type": "textarea",
          "origin": "manual"
        },
        {
          "original_width": 1280,
          "original_height": 902,
          "image_rotation": 0,
          "value": {
            "points": [
              [
                10.095238095238097,
                91.62162162162163
              ],
              [
                21.523809523809526,
                91.35135135135135
              ],
              [
                22.285714285714285,
                83.24324324324324
              ],
              [
                9.714285714285714,
                83.24324324324324
              ]
            ],
            "closed": true
          },
          "id": "69IJq7yqVV",
          "from_name": "poly",
          "to_name": "image",
          "type": "polygon",
          "origin": "manual"
        },
        {
          "original_width": 1280,
          "original_height": 902,
          "image_rotation": 0,
          "value": {
            "points": [
              [
                10.095238095238097,
                91.62162162162163
              ],
              [
                21.523809523809526,
                91.35135135135135
              ],
              [
                22.285714285714285,
                83.24324324324324
              ],
              [
                9.714285714285714,
                83.24324324324324
              ]
            ],
            "closed": true,
            "text": [
              "Karte"
            ]
          },
          "id": "69IJq7yqVV",
          "from_name": "transcription",
          "to_name": "image",
          "type": "textarea",
          "origin": "manual"
        },
        {
          "original_width": 1280,
          "original_height": 902,
          "image_rotation": 0,
          "value": {
            "points": [
              [
                10.095238095238097,
                91.62162162162163
              ],
              [
                21.523809523809526,
                91.35135135135135
              ],
              [
                22.285714285714285,
                83.24324324324324
              ],
              [
                9.714285714285714,
                83.24324324324324
              ]
            ],
            "closed": true,
            "text": [
              "5"
            ]
          },
          "id": "69IJq7yqVV",
          "from_name": "Line",
          "to_name": "image",
          "type": "textarea",
          "origin": "manual"
        },
        {
          "original_width": 1280,
          "original_height": 902,
          "image_rotation": 0,
          "value": {
            "points": [
              [
                77.90476190476191,
                80.8108108108108
              ],
              [
                89.71428571428571,
                80.54054054054055
              ],
              [
                89.71428571428571,
                90.54054054054055
              ],
              [
                78.0952380952381,
                90
              ]
            ],
            "closed": true
          },
          "id": "XrKpGOx9JF",
          "from_name": "poly",
          "to_name": "image",
          "type": "polygon",
          "origin": "manual"
        },
        {
          "original_width": 1280,
          "original_height": 902,
          "image_rotation": 0,
          "value": {
            "points": [
              [
                77.90476190476191,
                80.8108108108108
              ],
              [
                89.71428571428571,
                80.54054054054055
              ],
              [
                89.71428571428571,
                90.54054054054055
              ],
              [
                78.0952380952381,
                90
              ]
            ],
            "closed": true,
            "text": [
              "18,98"
            ]
          },
          "id": "XrKpGOx9JF",
          "from_name": "transcription",
          "to_name": "image",
          "type": "textarea",
          "origin": "manual"
        },
        {
          "original_width": 1280,
          "original_height": 902,
          "image_rotation": 0,
          "value": {
            "points": [
              [
                77.90476190476191,
                80.8108108108108
              ],
              [
                89.71428571428571,
                80.54054054054055
              ],
              [
                89.71428571428571,
                90.54054054054055
              ],
              [
                78.0952380952381,
                90
              ]
            ],
            "closed": true,
            "text": [
              "5"
            ]
          },
          "id": "XrKpGOx9JF",
          "from_name": "Line",
          "to_name": "image",
          "type": "textarea",
          "origin": "manual"
        }
      ],
      "was_cancelled": false,
      "ground_truth": false,
      "created_at": "2023-05-28T11:32:27.109922Z",
      "updated_at": "2023-05-31T17:57:51.285377Z",
      "lead_time": 927.7090000000001,
      "last_action": null,
      "task": 11,
      "project": 3,
      "updated_by": 1,
      "parent_prediction": null,
      "parent_annotation": null,
      "last_created_by": null
    }
  ],
  "predictions": []
}