{
  "gt_parse": {
    "menu": [
      

       {
        "nm": "Calzini Salami",
        "cnt": "1",
        "price": "6,49"


      },
       {
        "nm": "Chicken Strippers",
        "cnt": "1",
        "price": "5,99"
       
      },
       {
        "nm": "Sweet Chili Dip",
        "cnt": "1",
        "price": "1,29"
       
      },
       {
        "nm": "Thickshake Erdbeere",
        "cnt": "2",
        "price": "8,98"
       
      }
    
    ],
    "sub_total": {
      "subtotal_price": "21,27"
      
    },
    "total": {
      "total_price": "22,75",
      "creditcardprice": "22,75"
        }
  },
  "meta": {
    "version": "2.0.0",
    "split": "train",
    "image_id": 80,
    "image_size": {
      "width": 1280,
      "height": 855
    }
  },
  "valid_line": [
  ],
  "ROI":{
  }
  }
