{
  "id": 82,
  "data": {
    "ocr": "/data/upload/3/d46547a4-82.jpg"
  },
  "annotations": [
    {
      "id": 14,
      "created_username": " saeidedana66@yahoo.com, 1",
      "created_ago": "2 weeks, 2 days",
      "completed_by": {
        "id": 1,
        "first_name": "",
        "last_name": "",
        "avatar": null,
        "email": "saeidedana66@yahoo.com",
        "initials": "sa"
      },
      "result": [
        {
          "original_width": 1280,
          "original_height": 925,
          "image_rotation": 0,
          "value": {
            "points": [
              [
                1.0638297872340425,
                32.94117647058823
              ],
              [
                4.25531914893617,
                33.23529411764706
              ],
              [
                4.680851063829787,
                39.11764705882353
              ],
              [
                1.2765957446808511,
                40
              ]
            ],
            "closed": true
          },
          "id": "LqnVwuD4HG",
          "from_name": "poly",
          "to_name": "image",
          "type": "polygon",
          "origin": "manual"
        },
        {
          "original_width": 1280,
          "original_height": 925,
          "image_rotation": 0,
          "value": {
            "points": [
              [
                1.0638297872340425,
                32.94117647058823
              ],
              [
                4.25531914893617,
                33.23529411764706
              ],
              [
                4.680851063829787,
                39.11764705882353
              ],
              [
                1.2765957446808511,
                40
              ]
            ],
            "closed": true,
            "text": [
              "1"
            ]
          },
          "id": "LqnVwuD4HG",
          "from_name": "transcription",
          "to_name": "image",
          "type": "textarea",
          "origin": "manual"
        },
        {
          "original_width": 1280,
          "original_height": 925,
          "image_rotation": 0,
          "value": {
            "points": [
              [
                1.0638297872340425,
                32.94117647058823
              ],
              [
                4.25531914893617,
                33.23529411764706
              ],
              [
                4.680851063829787,
                39.11764705882353
              ],
              [
                1.2765957446808511,
                40
              ]
            ],
            "closed": true,
            "text": [
              "1"
            ]
          },
          "id": "LqnVwuD4HG",
          "from_name": "Line",
          "to_name": "image",
          "type": "textarea",
          "origin": "manual"
        },
        {
          "original_width": 1280,
          "original_height": 925,
          "image_rotation": 0,
          "value": {
            "points": [
              [
                10.212765957446807,
                33.23529411764706
              ],
              [
                29.78723404255319,
                33.8235294117647
              ],
              [
                29.574468085106382,
                41.1764705882353
              ],
              [
                9.361702127659575,
                40.294117647058826
              ]
            ],
            "closed": true
          },
          "id": "OXeIFnjSdx",
          "from_name": "poly",
          "to_name": "image",
          "type": "polygon",
          "origin": "manual"
        },
        {
          "original_width": 1280,
          "original_height": 925,
          "image_rotation": 0,
          "value": {
            "points": [
              [
                10.212765957446807,
                33.23529411764706
              ],
              [
                29.78723404255319,
                33.8235294117647
              ],
              [
                29.574468085106382,
                41.1764705882353
              ],
              [
                9.361702127659575,
                40.294117647058826
              ]
            ],
            "closed": true,
            "text": [
              "Pizza-Br"
            ]
          },
          "id": "OXeIFnjSdx",
          "from_name": "transcription",
          "to_name": "image",
          "type": "textarea",
          "origin": "manual"
        },
        {
          "original_width": 1280,
          "original_height": 925,
          "image_rotation": 0,
          "value": {
            "points": [
              [
                10.212765957446807,
                33.23529411764706
              ],
              [
                29.78723404255319,
                33.8235294117647
              ],
              [
                29.574468085106382,
                41.1764705882353
              ],
              [
                9.361702127659575,
                40.294117647058826
              ]
            ],
            "closed": true,
            "text": [
              "1"
            ]
          },
          "id": "OXeIFnjSdx",
          "from_name": "Line",
          "to_name": "image",
          "type": "textarea",
          "origin": "manual"
        },
        {
          "original_width": 1280,
          "original_height": 925,
          "image_rotation": 0,
          "value": {
            "points": [
              [
                31.48936170212766,
                33.82352941176471
              ],
              [
                46.38297872340426,
                33.8235294117647
              ],
              [
                46.38297872340426,
                41.76470588235294
              ],
              [
                31.06382978723404,
                41.1764705882353
              ]
            ],
            "closed": true
          },
          "id": "Xqv65zdm7t",
          "from_name": "poly",
          "to_name": "image",
          "type": "polygon",
          "origin": "manual"
        },
        {
          "original_width": 1280,
          "original_height": 925,
          "image_rotation": 0,
          "value": {
            "points": [
              [
                31.48936170212766,
                33.82352941176471
              ],
              [
                46.38297872340426,
                33.8235294117647
              ],
              [
                46.38297872340426,
                41.76470588235294
              ],
              [
                31.06382978723404,
                41.1764705882353
              ]
            ],
            "closed": true,
            "text": [
              "Salami"
            ]
          },
          "id": "Xqv65zdm7t",
          "from_name": "transcription",
          "to_name": "image",
          "type": "textarea",
          "origin": "manual"
        },
        {
          "original_width": 1280,
          "original_height": 925,
          "image_rotation": 0,
          "value": {
            "points": [
              [
                31.48936170212766,
                33.82352941176471
              ],
              [
                46.38297872340426,
                33.8235294117647
              ],
              [
                46.38297872340426,
                41.76470588235294
              ],
              [
                31.06382978723404,
                41.1764705882353
              ]
            ],
            "closed": true,
            "text": [
              "1"
            ]
          },
          "id": "Xqv65zdm7t",
          "from_name": "Line",
          "to_name": "image",
          "type": "textarea",
          "origin": "manual"
        },
        {
          "original_width": 1280,
          "original_height": 925,
          "image_rotation": 0,
          "value": {
            "points": [
              [
                79.14893617021276,
                35.882352941176464
              ],
              [
                90,
                35.88235294117647
              ],
              [
                90.2127659574468,
                42.94117647058823
              ],
              [
                78.72340425531915,
                43.23529411764706
              ]
            ],
            "closed": true
          },
          "id": "X9kdbtJ7Rt",
          "from_name": "poly",
          "to_name": "image",
          "type": "polygon",
          "origin": "manual"
        },
        {
          "original_width": 1280,
          "original_height": 925,
          "image_rotation": 0,
          "value": {
            "points": [
              [
                79.14893617021276,
                35.882352941176464
              ],
              [
                90,
                35.88235294117647
              ],
              [
                90.2127659574468,
                42.94117647058823
              ],
              [
                78.72340425531915,
                43.23529411764706
              ]
            ],
            "closed": true,
            "text": [
              "5,99"
            ]
          },
          "id": "X9kdbtJ7Rt",
          "from_name": "transcription",
          "to_name": "image",
          "type": "textarea",
          "origin": "manual"
        },
        {
          "original_width": 1280,
          "original_height": 925,
          "image_rotation": 0,
          "value": {
            "points": [
              [
                79.14893617021276,
                35.882352941176464
              ],
              [
                90,
                35.88235294117647
              ],
              [
                90.2127659574468,
                42.94117647058823
              ],
              [
                78.72340425531915,
                43.23529411764706
              ]
            ],
            "closed": true,
            "text": [
              "1"
            ]
          },
          "id": "X9kdbtJ7Rt",
          "from_name": "Line",
          "to_name": "image",
          "type": "textarea",
          "origin": "manual"
        },
        {
          "original_width": 1280,
          "original_height": 925,
          "image_rotation": 0,
          "value": {
            "points": [
              [
                4.468085106382978,
                46.176470588235304
              ],
              [
                1.0638297872340425,
                45.88235294117647
              ],
              [
                1.2765957446808511,
                39.705882352941174
              ],
              [
                4.680851063829787,
                40
              ]
            ],
            "closed": true
          },
          "id": "yNVFnqsekR",
          "from_name": "poly",
          "to_name": "image",
          "type": "polygon",
          "origin": "manual"
        },
        {
          "original_width": 1280,
          "original_height": 925,
          "image_rotation": 0,
          "value": {
            "points": [
              [
                4.468085106382978,
                46.176470588235304
              ],
              [
                1.0638297872340425,
                45.88235294117647
              ],
              [
                1.2765957446808511,
                39.705882352941174
              ],
              [
                4.680851063829787,
                40
              ]
            ],
            "closed": true,
            "text": [
              "1"
            ]
          },
          "id": "yNVFnqsekR",
          "from_name": "transcription",
          "to_name": "image",
          "type": "textarea",
          "origin": "manual"
        },
        {
          "original_width": 1280,
          "original_height": 925,
          "image_rotation": 0,
          "value": {
            "points": [
              [
                4.468085106382978,
                46.176470588235304
              ],
              [
                1.0638297872340425,
                45.88235294117647
              ],
              [
                1.2765957446808511,
                39.705882352941174
              ],
              [
                4.680851063829787,
                40
              ]
            ],
            "closed": true,
            "text": [
              "2"
            ]
          },
          "id": "yNVFnqsekR",
          "from_name": "Line",
          "to_name": "image",
          "type": "textarea",
          "origin": "manual"
        },
        {
          "original_width": 1280,
          "original_height": 925,
          "image_rotation": 0,
          "value": {
            "points": [
              [
                10.212765957446809,
                47.05882352941177
              ],
              [
                28.085106382978722,
                47.35294117647059
              ],
              [
                28.29787234042553,
                41.1764705882353
              ],
              [
                10.425531914893616,
                40.294117647058826
              ]
            ],
            "closed": true
          },
          "id": "9-3OGt0qR-",
          "from_name": "poly",
          "to_name": "image",
          "type": "polygon",
          "origin": "manual"
        },
        {
          "original_width": 1280,
          "original_height": 925,
          "image_rotation": 0,
          "value": {
            "points": [
              [
                10.212765957446809,
                47.05882352941177
              ],
              [
                28.085106382978722,
                47.35294117647059
              ],
              [
                28.29787234042553,
                41.1764705882353
              ],
              [
                10.425531914893616,
                40.294117647058826
              ]
            ],
            "closed": true,
            "text": [
              "Chicken"
            ]
          },
          "id": "9-3OGt0qR-",
          "from_name": "transcription",
          "to_name": "image",
          "type": "textarea",
          "origin": "manual"
        },
        {
          "original_width": 1280,
          "original_height": 925,
          "image_rotation": 0,
          "value": {
            "points": [
              [
                10.212765957446809,
                47.05882352941177
              ],
              [
                28.085106382978722,
                47.35294117647059
              ],
              [
                28.29787234042553,
                41.1764705882353
              ],
              [
                10.425531914893616,
                40.294117647058826
              ]
            ],
            "closed": true,
            "text": [
              "2"
            ]
          },
          "id": "9-3OGt0qR-",
          "from_name": "Line",
          "to_name": "image",
          "type": "textarea",
          "origin": "manual"
        },
        {
          "original_width": 1280,
          "original_height": 925,
          "image_rotation": 0,
          "value": {
            "points": [
              [
                50.851063829787236,
                48.52941176470587
              ],
              [
                28.93617021276596,
                47.94117647058823
              ],
              [
                28.51063829787234,
                41.470588235294116
              ],
              [
                50.851063829787236,
                42.35294117647059
              ]
            ],
            "closed": true
          },
          "id": "nVCVThH05i",
          "from_name": "poly",
          "to_name": "image",
          "type": "polygon",
          "origin": "manual"
        },
        {
          "original_width": 1280,
          "original_height": 925,
          "image_rotation": 0,
          "value": {
            "points": [
              [
                50.851063829787236,
                48.52941176470587
              ],
              [
                28.93617021276596,
                47.94117647058823
              ],
              [
                28.51063829787234,
                41.470588235294116
              ],
              [
                50.851063829787236,
                42.35294117647059
              ]
            ],
            "closed": true,
            "text": [
              "Strippers"
            ]
          },
          "id": "nVCVThH05i",
          "from_name": "transcription",
          "to_name": "image",
          "type": "textarea",
          "origin": "manual"
        },
        {
          "original_width": 1280,
          "original_height": 925,
          "image_rotation": 0,
          "value": {
            "points": [
              [
                50.851063829787236,
                48.52941176470587
              ],
              [
                28.93617021276596,
                47.94117647058823
              ],
              [
                28.51063829787234,
                41.470588235294116
              ],
              [
                50.851063829787236,
                42.35294117647059
              ]
            ],
            "closed": true,
            "text": [
              "2"
            ]
          },
          "id": "nVCVThH05i",
          "from_name": "Line",
          "to_name": "image",
          "type": "textarea",
          "origin": "manual"
        },
        {
          "original_width": 1280,
          "original_height": 925,
          "image_rotation": 0,
          "value": {
            "points": [
              [
                89.7872340425532,
                49.705882352941174
              ],
              [
                87.53936354585346,
                49.57640941992048
              ],
              [
                79.57446808510639,
                49.11764705882353
              ],
              [
                79.14893617021276,
                42.94117647058823
              ],
              [
                89.57446808510639,
                43.23529411764706
              ]
            ],
            "closed": true
          },
          "id": "jVkE7w45oc",
          "from_name": "poly",
          "to_name": "image",
          "type": "polygon",
          "origin": "manual"
        },
        {
          "original_width": 1280,
          "original_height": 925,
          "image_rotation": 0,
          "value": {
            "points": [
              [
                89.7872340425532,
                49.705882352941174
              ],
              [
                87.53936354585346,
                49.57640941992048
              ],
              [
                79.57446808510639,
                49.11764705882353
              ],
              [
                79.14893617021276,
                42.94117647058823
              ],
              [
                89.57446808510639,
                43.23529411764706
              ]
            ],
            "closed": true,
            "text": [
              "5,99"
            ]
          },
          "id": "jVkE7w45oc",
          "from_name": "transcription",
          "to_name": "image",
          "type": "textarea",
          "origin": "manual"
        },
        {
          "original_width": 1280,
          "original_height": 925,
          "image_rotation": 0,
          "value": {
            "points": [
              [
                89.7872340425532,
                49.705882352941174
              ],
              [
                87.53936354585346,
                49.57640941992048
              ],
              [
                79.57446808510639,
                49.11764705882353
              ],
              [
                79.14893617021276,
                42.94117647058823
              ],
              [
                89.57446808510639,
                43.23529411764706
              ]
            ],
            "closed": true,
            "text": [
              "2"
            ]
          },
          "id": "jVkE7w45oc",
          "from_name": "Line",
          "to_name": "image",
          "type": "textarea",
          "origin": "manual"
        },
        {
          "original_width": 1280,
          "original_height": 925,
          "image_rotation": 0,
          "value": {
            "points": [
              [
                4.468085106382978,
                46.76470588235295
              ],
              [
                1.4893617021276595,
                45.294117647058826
              ],
              [
                1.4893617021276595,
                51.76470588235294
              ],
              [
                4.468085106382978,
                52.35294117647059
              ]
            ],
            "closed": true
          },
          "id": "zPiwRWQD6K",
          "from_name": "poly",
          "to_name": "image",
          "type": "polygon",
          "origin": "manual"
        },
        {
          "original_width": 1280,
          "original_height": 925,
          "image_rotation": 0,
          "value": {
            "points": [
              [
                4.468085106382978,
                46.76470588235295
              ],
              [
                1.4893617021276595,
                45.294117647058826
              ],
              [
                1.4893617021276595,
                51.76470588235294
              ],
              [
                4.468085106382978,
                52.35294117647059
              ]
            ],
            "closed": true,
            "text": [
              "1"
            ]
          },
          "id": "zPiwRWQD6K",
          "from_name": "transcription",
          "to_name": "image",
          "type": "textarea",
          "origin": "manual"
        },
        {
          "original_width": 1280,
          "original_height": 925,
          "image_rotation": 0,
          "value": {
            "points": [
              [
                4.468085106382978,
                46.76470588235295
              ],
              [
                1.4893617021276595,
                45.294117647058826
              ],
              [
                1.4893617021276595,
                51.76470588235294
              ],
              [
                4.468085106382978,
                52.35294117647059
              ]
            ],
            "closed": true,
            "text": [
              "3"
            ]
          },
          "id": "zPiwRWQD6K",
          "from_name": "Line",
          "to_name": "image",
          "type": "textarea",
          "origin": "manual"
        },
        {
          "original_width": 1280,
          "original_height": 925,
          "image_rotation": 0,
          "value": {
            "points": [
              [
                10.000000000000004,
                53.23529411764707
              ],
              [
                32.97872340425532,
                53.8235294117647
              ],
              [
                32.97872340425532,
                48.529411764705884
              ],
              [
                9.574468085106384,
                46.76470588235294
              ]
            ],
            "closed": true
          },
          "id": "GJw3dJJUwc",
          "from_name": "poly",
          "to_name": "image",
          "type": "polygon",
          "origin": "manual"
        },
        {
          "original_width": 1280,
          "original_height": 925,
          "image_rotation": 0,
          "value": {
            "points": [
              [
                10.000000000000004,
                53.23529411764707
              ],
              [
                32.97872340425532,
                53.8235294117647
              ],
              [
                32.97872340425532,
                48.529411764705884
              ],
              [
                9.574468085106384,
                46.76470588235294
              ]
            ],
            "closed": true,
            "text": [
              "Knoblauch"
            ]
          },
          "id": "GJw3dJJUwc",
          "from_name": "transcription",
          "to_name": "image",
          "type": "textarea",
          "origin": "manual"
        },
        {
          "original_width": 1280,
          "original_height": 925,
          "image_rotation": 0,
          "value": {
            "points": [
              [
                10.000000000000004,
                53.23529411764707
              ],
              [
                32.97872340425532,
                53.8235294117647
              ],
              [
                32.97872340425532,
                48.529411764705884
              ],
              [
                9.574468085106384,
                46.76470588235294
              ]
            ],
            "closed": true,
            "text": [
              "3"
            ]
          },
          "id": "GJw3dJJUwc",
          "from_name": "Line",
          "to_name": "image",
          "type": "textarea",
          "origin": "manual"
        },
        {
          "original_width": 1280,
          "original_height": 925,
          "image_rotation": 0,
          "value": {
            "points": [
              [
                41.276595744680854,
                54.411764705882355
              ],
              [
                33.829787234042556,
                53.529411764705884
              ],
              [
                33.40425531914894,
                48.23529411764706
              ],
              [
                41.91489361702128,
                48.529411764705884
              ]
            ],
            "closed": true
          },
          "id": "ZQecgglrmF",
          "from_name": "poly",
          "to_name": "image",
          "type": "polygon",
          "origin": "manual"
        },
        {
          "original_width": 1280,
          "original_height": 925,
          "image_rotation": 0,
          "value": {
            "points": [
              [
                41.276595744680854,
                54.411764705882355
              ],
              [
                33.829787234042556,
                53.529411764705884
              ],
              [
                33.40425531914894,
                48.23529411764706
              ],
              [
                41.91489361702128,
                48.529411764705884
              ]
            ],
            "closed": true,
            "text": [
              "Dip"
            ]
          },
          "id": "ZQecgglrmF",
          "from_name": "transcription",
          "to_name": "image",
          "type": "textarea",
          "origin": "manual"
        },
        {
          "original_width": 1280,
          "original_height": 925,
          "image_rotation": 0,
          "value": {
            "points": [
              [
                41.276595744680854,
                54.411764705882355
              ],
              [
                33.829787234042556,
                53.529411764705884
              ],
              [
                33.40425531914894,
                48.23529411764706
              ],
              [
                41.91489361702128,
                48.529411764705884
              ]
            ],
            "closed": true,
            "text": [
              "3"
            ]
          },
          "id": "ZQecgglrmF",
          "from_name": "Line",
          "to_name": "image",
          "type": "textarea",
          "origin": "manual"
        },
        {
          "original_width": 1280,
          "original_height": 925,
          "image_rotation": 0,
          "value": {
            "points": [
              [
                79.36170212765958,
                55
              ],
              [
                78.93617021276596,
                50
              ],
              [
                90.42553191489361,
                50
              ],
              [
                90.2127659574468,
                55.588235294117645
              ]
            ],
            "closed": true
          },
          "id": "cEZIFOjOeJ",
          "from_name": "poly",
          "to_name": "image",
          "type": "polygon",
          "origin": "manual"
        },
        {
          "original_width": 1280,
          "original_height": 925,
          "image_rotation": 0,
          "value": {
            "points": [
              [
                79.36170212765958,
                55
              ],
              [
                78.93617021276596,
                50
              ],
              [
                90.42553191489361,
                50
              ],
              [
                90.2127659574468,
                55.588235294117645
              ]
            ],
            "closed": true,
            "text": [
              "1,29"
            ]
          },
          "id": "cEZIFOjOeJ",
          "from_name": "transcription",
          "to_name": "image",
          "type": "textarea",
          "origin": "manual"
        },
        {
          "original_width": 1280,
          "original_height": 925,
          "image_rotation": 0,
          "value": {
            "points": [
              [
                79.36170212765958,
                55
              ],
              [
                78.93617021276596,
                50
              ],
              [
                90.42553191489361,
                50
              ],
              [
                90.2127659574468,
                55.588235294117645
              ]
            ],
            "closed": true,
            "text": [
              "3"
            ]
          },
          "id": "cEZIFOjOeJ",
          "from_name": "Line",
          "to_name": "image",
          "type": "textarea",
          "origin": "manual"
        },
        {
          "original_width": 1280,
          "original_height": 925,
          "image_rotation": 0,
          "value": {
            "points": [
              [
                4.893617021276595,
                59.411764705882355
              ],
              [
                1.4893617021276595,
                59.411764705882355
              ],
              [
                1.702127659574468,
                51.470588235294116
              ],
              [
                4.8936170212765955,
                53.23529411764706
              ]
            ],
            "closed": true
          },
          "id": "Gy-EKNBTpS",
          "from_name": "poly",
          "to_name": "image",
          "type": "polygon",
          "origin": "manual"
        },
        {
          "original_width": 1280,
          "original_height": 925,
          "image_rotation": 0,
          "value": {
            "points": [
              [
                4.893617021276595,
                59.411764705882355
              ],
              [
                1.4893617021276595,
                59.411764705882355
              ],
              [
                1.702127659574468,
                51.470588235294116
              ],
              [
                4.8936170212765955,
                53.23529411764706
              ]
            ],
            "closed": true,
            "text": [
              "1"
            ]
          },
          "id": "Gy-EKNBTpS",
          "from_name": "transcription",
          "to_name": "image",
          "type": "textarea",
          "origin": "manual"
        },
        {
          "original_width": 1280,
          "original_height": 925,
          "image_rotation": 0,
          "value": {
            "points": [
              [
                4.893617021276595,
                59.411764705882355
              ],
              [
                1.4893617021276595,
                59.411764705882355
              ],
              [
                1.702127659574468,
                51.470588235294116
              ],
              [
                4.8936170212765955,
                53.23529411764706
              ]
            ],
            "closed": true,
            "text": [
              "4"
            ]
          },
          "id": "Gy-EKNBTpS",
          "from_name": "Line",
          "to_name": "image",
          "type": "textarea",
          "origin": "manual"
        },
        {
          "original_width": 1280,
          "original_height": 925,
          "image_rotation": 0,
          "value": {
            "points": [
              [
                22.97872340425532,
                60.588235294117645
              ],
              [
                10.425531914893616,
                59.411764705882355
              ],
              [
                10.425531914893616,
                52.94117647058823
              ],
              [
                22.97872340425532,
                53.8235294117647
              ]
            ],
            "closed": true
          },
          "id": "g8T8Uh3jA6",
          "from_name": "poly",
          "to_name": "image",
          "type": "polygon",
          "origin": "manual"
        },
        {
          "original_width": 1280,
          "original_height": 925,
          "image_rotation": 0,
          "value": {
            "points": [
              [
                22.97872340425532,
                60.588235294117645
              ],
              [
                10.425531914893616,
                59.411764705882355
              ],
              [
                10.425531914893616,
                52.94117647058823
              ],
              [
                22.97872340425532,
                53.8235294117647
              ]
            ],
            "closed": true,
            "text": [
              "Sweet"
            ]
          },
          "id": "g8T8Uh3jA6",
          "from_name": "transcription",
          "to_name": "image",
          "type": "textarea",
          "origin": "manual"
        },
        {
          "original_width": 1280,
          "original_height": 925,
          "image_rotation": 0,
          "value": {
            "points": [
              [
                22.97872340425532,
                60.588235294117645
              ],
              [
                10.425531914893616,
                59.411764705882355
              ],
              [
                10.425531914893616,
                52.94117647058823
              ],
              [
                22.97872340425532,
                53.8235294117647
              ]
            ],
            "closed": true,
            "text": [
              "4"
            ]
          },
          "id": "g8T8Uh3jA6",
          "from_name": "Line",
          "to_name": "image",
          "type": "textarea",
          "origin": "manual"
        },
        {
          "original_width": 1280,
          "original_height": 925,
          "image_rotation": 0,
          "value": {
            "points": [
              [
                35.95744680851064,
                60.88235294117647
              ],
              [
                24.04255319148936,
                59.705882352941174
              ],
              [
                24.25531914893617,
                53.529411764705884
              ],
              [
                36.38297872340426,
                53.529411764705884
              ]
            ],
            "closed": true
          },
          "id": "ZZX5tWA1fK",
          "from_name": "poly",
          "to_name": "image",
          "type": "polygon",
          "origin": "manual"
        },
        {
          "original_width": 1280,
          "original_height": 925,
          "image_rotation": 0,
          "value": {
            "points": [
              [
                35.95744680851064,
                60.88235294117647
              ],
              [
                24.04255319148936,
                59.705882352941174
              ],
              [
                24.25531914893617,
                53.529411764705884
              ],
              [
                36.38297872340426,
                53.529411764705884
              ]
            ],
            "closed": true,
            "text": [
              "Chili"
            ]
          },
          "id": "ZZX5tWA1fK",
          "from_name": "transcription",
          "to_name": "image",
          "type": "textarea",
          "origin": "manual"
        },
        {
          "original_width": 1280,
          "original_height": 925,
          "image_rotation": 0,
          "value": {
            "points": [
              [
                35.95744680851064,
                60.88235294117647
              ],
              [
                24.04255319148936,
                59.705882352941174
              ],
              [
                24.25531914893617,
                53.529411764705884
              ],
              [
                36.38297872340426,
                53.529411764705884
              ]
            ],
            "closed": true,
            "text": [
              "4"
            ]
          },
          "id": "ZZX5tWA1fK",
          "from_name": "Line",
          "to_name": "image",
          "type": "textarea",
          "origin": "manual"
        },
        {
          "original_width": 1280,
          "original_height": 925,
          "image_rotation": 0,
          "value": {
            "points": [
              [
                46.170212765957444,
                61.470588235294116
              ],
              [
                37.659574468085104,
                60.294117647058826
              ],
              [
                38.08510638297872,
                54.11764705882353
              ],
              [
                46.170212765957444,
                54.705882352941174
              ]
            ],
            "closed": true
          },
          "id": "gijH4P10MG",
          "from_name": "poly",
          "to_name": "image",
          "type": "polygon",
          "origin": "manual"
        },
        {
          "original_width": 1280,
          "original_height": 925,
          "image_rotation": 0,
          "value": {
            "points": [
              [
                46.170212765957444,
                61.470588235294116
              ],
              [
                37.659574468085104,
                60.294117647058826
              ],
              [
                38.08510638297872,
                54.11764705882353
              ],
              [
                46.170212765957444,
                54.705882352941174
              ]
            ],
            "closed": true,
            "text": [
              "Dip"
            ]
          },
          "id": "gijH4P10MG",
          "from_name": "transcription",
          "to_name": "image",
          "type": "textarea",
          "origin": "manual"
        },
        {
          "original_width": 1280,
          "original_height": 925,
          "image_rotation": 0,
          "value": {
            "points": [
              [
                46.170212765957444,
                61.470588235294116
              ],
              [
                37.659574468085104,
                60.294117647058826
              ],
              [
                38.08510638297872,
                54.11764705882353
              ],
              [
                46.170212765957444,
                54.705882352941174
              ]
            ],
            "closed": true,
            "text": [
              "4"
            ]
          },
          "id": "gijH4P10MG",
          "from_name": "Line",
          "to_name": "image",
          "type": "textarea",
          "origin": "manual"
        },
        {
          "original_width": 1280,
          "original_height": 925,
          "image_rotation": 0,
          "value": {
            "points": [
              [
                89.36170212765957,
                62.64705882352941
              ],
              [
                79.57446808510639,
                62.05882352941177
              ],
              [
                79.36170212765957,
                55.294117647058826
              ],
              [
                89.36170212765957,
                55.88235294117647
              ]
            ],
            "closed": true
          },
          "id": "1NsMV2lp0l",
          "from_name": "poly",
          "to_name": "image",
          "type": "polygon",
          "origin": "manual"
        },
        {
          "original_width": 1280,
          "original_height": 925,
          "image_rotation": 0,
          "value": {
            "points": [
              [
                89.36170212765957,
                62.64705882352941
              ],
              [
                79.57446808510639,
                62.05882352941177
              ],
              [
                79.36170212765957,
                55.294117647058826
              ],
              [
                89.36170212765957,
                55.88235294117647
              ]
            ],
            "closed": true,
            "text": [
              "1,29"
            ]
          },
          "id": "1NsMV2lp0l",
          "from_name": "transcription",
          "to_name": "image",
          "type": "textarea",
          "origin": "manual"
        },
        {
          "original_width": 1280,
          "original_height": 925,
          "image_rotation": 0,
          "value": {
            "points": [
              [
                89.36170212765957,
                62.64705882352941
              ],
              [
                79.57446808510639,
                62.05882352941177
              ],
              [
                79.36170212765957,
                55.294117647058826
              ],
              [
                89.36170212765957,
                55.88235294117647
              ]
            ],
            "closed": true,
            "text": [
              "4"
            ]
          },
          "id": "1NsMV2lp0l",
          "from_name": "Line",
          "to_name": "image",
          "type": "textarea",
          "origin": "manual"
        },
        {
          "original_width": 1280,
          "original_height": 925,
          "image_rotation": 0,
          "value": {
            "points": [
              [
                14.680851063829786,
                70.58823529411765
              ],
              [
                1.4893617021276595,
                70.88235294117646
              ],
              [
                1.4893617021276595,
                63.529411764705884
              ],
              [
                13.829787234042554,
                64.11764705882354
              ]
            ],
            "closed": true
          },
          "id": "A9Gachdq0p",
          "from_name": "poly",
          "to_name": "image",
          "type": "polygon",
          "origin": "manual"
        },
        {
          "original_width": 1280,
          "original_height": 925,
          "image_rotation": 0,
          "value": {
            "points": [
              [
                14.680851063829786,
                70.58823529411765
              ],
              [
                1.4893617021276595,
                70.88235294117646
              ],
              [
                1.4893617021276595,
                63.529411764705884
              ],
              [
                13.829787234042554,
                64.11764705882354
              ]
            ],
            "closed": true,
            "text": [
              "Netto"
            ]
          },
          "id": "A9Gachdq0p",
          "from_name": "transcription",
          "to_name": "image",
          "type": "textarea",
          "origin": "manual"
        },
        {
          "original_width": 1280,
          "original_height": 925,
          "image_rotation": 0,
          "value": {
            "points": [
              [
                14.680851063829786,
                70.58823529411765
              ],
              [
                1.4893617021276595,
                70.88235294117646
              ],
              [
                1.4893617021276595,
                63.529411764705884
              ],
              [
                13.829787234042554,
                64.11764705882354
              ]
            ],
            "closed": true,
            "text": [
              "5"
            ]
          },
          "id": "A9Gachdq0p",
          "from_name": "Line",
          "to_name": "image",
          "type": "textarea",
          "origin": "manual"
        },
        {
          "original_width": 1280,
          "original_height": 925,
          "image_rotation": 0,
          "value": {
            "points": [
              [
                90.42553191489364,
                74.11764705882354
              ],
              [
                78.29787234042553,
                73.23529411764706
              ],
              [
                78.29787234042553,
                66.76470588235294
              ],
              [
                90.42553191489361,
                66.76470588235294
              ]
            ],
            "closed": true
          },
          "id": "b-bUXUkUhd",
          "from_name": "poly",
          "to_name": "image",
          "type": "polygon",
          "origin": "manual"
        },
        {
          "original_width": 1280,
          "original_height": 925,
          "image_rotation": 0,
          "value": {
            "points": [
              [
                90.42553191489364,
                74.11764705882354
              ],
              [
                78.29787234042553,
                73.23529411764706
              ],
              [
                78.29787234042553,
                66.76470588235294
              ],
              [
                90.42553191489361,
                66.76470588235294
              ]
            ],
            "closed": true,
            "text": [
              "13,62"
            ]
          },
          "id": "b-bUXUkUhd",
          "from_name": "transcription",
          "to_name": "image",
          "type": "textarea",
          "origin": "manual"
        },
        {
          "original_width": 1280,
          "original_height": 925,
          "image_rotation": 0,
          "value": {
            "points": [
              [
                90.42553191489364,
                74.11764705882354
              ],
              [
                78.29787234042553,
                73.23529411764706
              ],
              [
                78.29787234042553,
                66.76470588235294
              ],
              [
                90.42553191489361,
                66.76470588235294
              ]
            ],
            "closed": true,
            "text": [
              "5"
            ]
          },
          "id": "b-bUXUkUhd",
          "from_name": "Line",
          "to_name": "image",
          "type": "textarea",
          "origin": "manual"
        },
        {
          "original_width": 1280,
          "original_height": 925,
          "image_rotation": 0,
          "value": {
            "points": [
              [
                16.170212765957448,
                77.3529411764706
              ],
              [
                1.4893617021276595,
                76.76470588235294
              ],
              [
                1.4893617021276595,
                70.29411764705883
              ],
              [
                15.957446808510639,
                71.17647058823529
              ]
            ],
            "closed": true
          },
          "id": "Dy4M2gTxXt",
          "from_name": "poly",
          "to_name": "image",
          "type": "polygon",
          "origin": "manual"
        },
        {
          "original_width": 1280,
          "original_height": 925,
          "image_rotation": 0,
          "value": {
            "points": [
              [
                16.170212765957448,
                77.3529411764706
              ],
              [
                1.4893617021276595,
                76.76470588235294
              ],
              [
                1.4893617021276595,
                70.29411764705883
              ],
              [
                15.957446808510639,
                71.17647058823529
              ]
            ],
            "closed": true,
            "text": [
              "Gesamt"
            ]
          },
          "id": "Dy4M2gTxXt",
          "from_name": "transcription",
          "to_name": "image",
          "type": "textarea",
          "origin": "manual"
        },
        {
          "original_width": 1280,
          "original_height": 925,
          "image_rotation": 0,
          "value": {
            "points": [
              [
                16.170212765957448,
                77.3529411764706
              ],
              [
                1.4893617021276595,
                76.76470588235294
              ],
              [
                1.4893617021276595,
                70.29411764705883
              ],
              [
                15.957446808510639,
                71.17647058823529
              ]
            ],
            "closed": true,
            "text": [
              "6"
            ]
          },
          "id": "Dy4M2gTxXt",
          "from_name": "Line",
          "to_name": "image",
          "type": "textarea",
          "origin": "manual"
        },
        {
          "original_width": 1280,
          "original_height": 925,
          "image_rotation": 0,
          "value": {
            "points": [
              [
                90.63829787234043,
                80.88235294117646
              ],
              [
                79.14893617021276,
                81.47058823529412
              ],
              [
                78.29787234042553,
                73.23529411764706
              ],
              [
                90.63829787234043,
                74.11764705882354
              ]
            ],
            "closed": true
          },
          "id": "WVFzxnFMPX",
          "from_name": "poly",
          "to_name": "image",
          "type": "polygon",
          "origin": "manual"
        },
        {
          "original_width": 1280,
          "original_height": 925,
          "image_rotation": 0,
          "value": {
            "points": [
              [
                90.63829787234043,
                80.88235294117646
              ],
              [
                79.14893617021276,
                81.47058823529412
              ],
              [
                78.29787234042553,
                73.23529411764706
              ],
              [
                90.63829787234043,
                74.11764705882354
              ]
            ],
            "closed": true,
            "text": [
              "14,56"
            ]
          },
          "id": "WVFzxnFMPX",
          "from_name": "transcription",
          "to_name": "image",
          "type": "textarea",
          "origin": "manual"
        },
        {
          "original_width": 1280,
          "original_height": 925,
          "image_rotation": 0,
          "value": {
            "points": [
              [
                90.63829787234043,
                80.88235294117646
              ],
              [
                79.14893617021276,
                81.47058823529412
              ],
              [
                78.29787234042553,
                73.23529411764706
              ],
              [
                90.63829787234043,
                74.11764705882354
              ]
            ],
            "closed": true,
            "text": [
              "6"
            ]
          },
          "id": "WVFzxnFMPX",
          "from_name": "Line",
          "to_name": "image",
          "type": "textarea",
          "origin": "manual"
        },
        {
          "original_width": 1280,
          "original_height": 925,
          "image_rotation": 0,
          "value": {
            "points": [
              [
                15.53191489361702,
                90.88235294117645
              ],
              [
                1.702127659574468,
                90.58823529411765
              ],
              [
                1.4893617021276595,
                82.6470588235294
              ],
              [
                15.53191489361702,
                82.94117647058823
              ]
            ],
            "closed": true
          },
          "id": "hjbk1vadti",
          "from_name": "poly",
          "to_name": "image",
          "type": "polygon",
          "origin": "manual"
        },
        {
          "original_width": 1280,
          "original_height": 925,
          "image_rotation": 0,
          "value": {
            "points": [
              [
                15.53191489361702,
                90.88235294117645
              ],
              [
                1.702127659574468,
                90.58823529411765
              ],
              [
                1.4893617021276595,
                82.6470588235294
              ],
              [
                15.53191489361702,
                82.94117647058823
              ]
            ],
            "closed": true,
            "text": [
              "PayPal"
            ]
          },
          "id": "hjbk1vadti",
          "from_name": "transcription",
          "to_name": "image",
          "type": "textarea",
          "origin": "manual"
        },
        {
          "original_width": 1280,
          "original_height": 925,
          "image_rotation": 0,
          "value": {
            "points": [
              [
                15.53191489361702,
                90.88235294117645
              ],
              [
                1.702127659574468,
                90.58823529411765
              ],
              [
                1.4893617021276595,
                82.6470588235294
              ],
              [
                15.53191489361702,
                82.94117647058823
              ]
            ],
            "closed": true,
            "text": [
              "7"
            ]
          },
          "id": "hjbk1vadti",
          "from_name": "Line",
          "to_name": "image",
          "type": "textarea",
          "origin": "manual"
        },
        {
          "original_width": 1280,
          "original_height": 925,
          "image_rotation": 0,
          "value": {
            "points": [
              [
                90.85106382978724,
                91.76470588235294
              ],
              [
                77.87234042553192,
                92.05882352941177
              ],
              [
                78.08510638297872,
                84.41176470588235
              ],
              [
                90.2127659574468,
                84.70588235294117
              ]
            ],
            "closed": true
          },
          "id": "b9sJ6RJA-U",
          "from_name": "poly",
          "to_name": "image",
          "type": "polygon",
          "origin": "manual"
        },
        {
          "original_width": 1280,
          "original_height": 925,
          "image_rotation": 0,
          "value": {
            "points": [
              [
                90.85106382978724,
                91.76470588235294
              ],
              [
                77.87234042553192,
                92.05882352941177
              ],
              [
                78.08510638297872,
                84.41176470588235
              ],
              [
                90.2127659574468,
                84.70588235294117
              ]
            ],
            "closed": true,
            "text": [
              "14,56"
            ]
          },
          "id": "b9sJ6RJA-U",
          "from_name": "transcription",
          "to_name": "image",
          "type": "textarea",
          "origin": "manual"
        },
        {
          "original_width": 1280,
          "original_height": 925,
          "image_rotation": 0,
          "value": {
            "points": [
              [
                90.85106382978724,
                91.76470588235294
              ],
              [
                77.87234042553192,
                92.05882352941177
              ],
              [
                78.08510638297872,
                84.41176470588235
              ],
              [
                90.2127659574468,
                84.70588235294117
              ]
            ],
            "closed": true,
            "text": [
              "7"
            ]
          },
          "id": "b9sJ6RJA-U",
          "from_name": "Line",
          "to_name": "image",
          "type": "textarea",
          "origin": "manual"
        }
      ],
      "was_cancelled": false,
      "ground_truth": false,
      "created_at": "2023-05-28T12:51:41.851015Z",
      "updated_at": "2023-05-28T12:51:41.851040Z",
      "lead_time": 2503.061,
      "last_action": null,
      "task": 15,
      "project": 3,
      "updated_by": 1,
      "parent_prediction": null,
      "parent_annotation": null,
      "last_created_by": null
    }
  ],
  "predictions": []
}