{
  "gt_parse": {
    "menu": [
      

       {
        "nm": "Pan BBQ Poncho",
        "cnt": "1",
        "price": "12,49",
        "etc": "25"


      },
       {
        "nm": "Lava Cake",
        "cnt": "1",
        "price": "0,00"
       
      },
       {
        "nm": "Kräuterremoulade Dip",
        "cnt": "1",
        "price": "1,29"
       
      }
    
    ],
    "sub_total": {
      "subtotal_price": "12,88"
      
    },
    "total": {
      "total_price": "13,78",
      "creditcardprice": "13,78"
        }
  },
  "meta": {
    "version": "2.0.0",
    "split": "train",
    "image_id": 83,
    "image_size": {
      "width": 1280,
      "height": 855
    }
  },
  "valid_line": [
  ],
  "ROI":{
  }
  }
