{
  "gt_parse": {
    "menu": [
      

       {
        "nm": "Pan Individuell",
        "cnt": "1",
        "price": "9,08",
        "etc": "25"


      },
       {
        "nm": "Pan Bombay",
        "cnt": "1",
        "price": "12,99",
        "etc": "32"
       
      }
    
    ],
    "sub_total": {
      "subtotal_price": "20,63"
      
    },
    "total": {
      "total_price": "22,07",
      "cashprice": "22,07"
        }
  },
  "meta": {
    "version": "2.0.0",
    "split": "train",
    "image_id": 84,
    "image_size": {
      "width": 1280,
      "height": 855
    }
  },
  "valid_line": [
  ],
  "ROI":{
  }
  }
