{
  "gt_parse": {
    "menu": [
      {
        "nm": "Calzini Salami",
        "cnt": "1",
        "price": "3,84"
        

      }
    
    
    ],
    "sub_total": {
      "subtotal_price": "3,59"
      
    },
    "total": {
      "total_price": "3,84",
	  "cashprice": "3,84"
	  
	  
	  
    }
  },
  "meta": {
    "version": "2.0.0",
    "split": "train",
    "image_id": 9,
    "image_size": {
      "width": 1280,
      "height": 855
    }
  },
  "valid_line": [
  ],
  "ROI":{
  }
  }