{
  "gt_parse": {
    "menu": [
      

       {
        "nm": "250ml Red Bull",
        "cnt": "1",
        "price": "2,99"
       
      },


       {
        "nm": "Thickshake Erdbeere",
        "cnt": "1",
        "price": "4,49"
      
       
      },


       {
        "nm": "Wrap Heißer Schlitten",
        "cnt": "1",
        "price": "5,99"
       
      
       
      }
    
    ],

    "sub_total": {
      "subtotal_price": "12,52"
      
    },

    "total": {
      "total_price": "13,72",
      "creditcardprice": "13,72"

        }
  },
  "meta": {
    "version": "2.0.0",
    "split": "train",
    "image_id": 93,
    "image_size": {
      "width": 1280,
      "height": 855
    }
  },
  "valid_line": [
  ],
  "ROI":{
  }
  }
