{
  "id": 93,
  "data": {
    "ocr": "/data/upload/3/92eae4ce-93.jpg"
  },
  "annotations": [
    {
      "id": 24,
      "created_username": " saeidedana66@yahoo.com, 1",
      "created_ago": "2 weeks, 2 days",
      "completed_by": {
        "id": 1,
        "first_name": "",
        "last_name": "",
        "avatar": null,
        "email": "saeidedana66@yahoo.com",
        "initials": "sa"
      },
      "result": [
        {
          "original_width": 618,
          "original_height": 428,
          "image_rotation": 0,
          "value": {
            "points": [
              [
                5.319148936170213,
                34.04907975460122
              ],
              [
                8.51063829787234,
                34.355828220858896
              ],
              [
                8.936170212765957,
                40.79754601226994
              ],
              [
                5.319148936170213,
                41.41104294478528
              ]
            ],
            "closed": true
          },
          "id": "NXuBAWT1kJ",
          "from_name": "poly",
          "to_name": "image",
          "type": "polygon",
          "origin": "manual"
        },
        {
          "original_width": 618,
          "original_height": 428,
          "image_rotation": 0,
          "value": {
            "points": [
              [
                5.319148936170213,
                34.04907975460122
              ],
              [
                8.51063829787234,
                34.355828220858896
              ],
              [
                8.936170212765957,
                40.79754601226994
              ],
              [
                5.319148936170213,
                41.41104294478528
              ]
            ],
            "closed": true,
            "text": [
              "1"
            ]
          },
          "id": "NXuBAWT1kJ",
          "from_name": "transcription",
          "to_name": "image",
          "type": "textarea",
          "origin": "manual"
        },
        {
          "original_width": 618,
          "original_height": 428,
          "image_rotation": 0,
          "value": {
            "points": [
              [
                5.319148936170213,
                34.04907975460122
              ],
              [
                8.51063829787234,
                34.355828220858896
              ],
              [
                8.936170212765957,
                40.79754601226994
              ],
              [
                5.319148936170213,
                41.41104294478528
              ]
            ],
            "closed": true,
            "text": [
              "1"
            ]
          },
          "id": "NXuBAWT1kJ",
          "from_name": "Line",
          "to_name": "image",
          "type": "textarea",
          "origin": "manual"
        },
        {
          "original_width": 618,
          "original_height": 428,
          "image_rotation": 0,
          "value": {
            "points": [
              [
                10.425531914893616,
                32.515337423312886
              ],
              [
                21.70212765957447,
                32.515337423312886
              ],
              [
                21.70212765957447,
                39.877300613496935
              ],
              [
                10.425531914893616,
                42.02453987730061
              ]
            ],
            "closed": true
          },
          "id": "i1AFuF62iW",
          "from_name": "poly",
          "to_name": "image",
          "type": "polygon",
          "origin": "manual"
        },
        {
          "original_width": 618,
          "original_height": 428,
          "image_rotation": 0,
          "value": {
            "points": [
              [
                10.425531914893616,
                32.515337423312886
              ],
              [
                21.70212765957447,
                32.515337423312886
              ],
              [
                21.70212765957447,
                39.877300613496935
              ],
              [
                10.425531914893616,
                42.02453987730061
              ]
            ],
            "closed": true,
            "text": [
              "250ml"
            ]
          },
          "id": "i1AFuF62iW",
          "from_name": "transcription",
          "to_name": "image",
          "type": "textarea",
          "origin": "manual"
        },
        {
          "original_width": 618,
          "original_height": 428,
          "image_rotation": 0,
          "value": {
            "points": [
              [
                10.425531914893616,
                32.515337423312886
              ],
              [
                21.70212765957447,
                32.515337423312886
              ],
              [
                21.70212765957447,
                39.877300613496935
              ],
              [
                10.425531914893616,
                42.02453987730061
              ]
            ],
            "closed": true,
            "text": [
              "1"
            ]
          },
          "id": "i1AFuF62iW",
          "from_name": "Line",
          "to_name": "image",
          "type": "textarea",
          "origin": "manual"
        },
        {
          "original_width": 618,
          "original_height": 428,
          "image_rotation": 0,
          "value": {
            "points": [
              [
                30.425531914893618,
                32.20858895705521
              ],
              [
                23.19148936170213,
                32.20858895705521
              ],
              [
                23.404255319148938,
                40.79754601226994
              ],
              [
                30.21276595744681,
                40.49079754601227
              ]
            ],
            "closed": true
          },
          "id": "l8gqote5PH",
          "from_name": "poly",
          "to_name": "image",
          "type": "polygon",
          "origin": "manual"
        },
        {
          "original_width": 618,
          "original_height": 428,
          "image_rotation": 0,
          "value": {
            "points": [
              [
                30.425531914893618,
                32.20858895705521
              ],
              [
                23.19148936170213,
                32.20858895705521
              ],
              [
                23.404255319148938,
                40.79754601226994
              ],
              [
                30.21276595744681,
                40.49079754601227
              ]
            ],
            "closed": true,
            "text": [
              "Red"
            ]
          },
          "id": "l8gqote5PH",
          "from_name": "transcription",
          "to_name": "image",
          "type": "textarea",
          "origin": "manual"
        },
        {
          "original_width": 618,
          "original_height": 428,
          "image_rotation": 0,
          "value": {
            "points": [
              [
                30.425531914893618,
                32.20858895705521
              ],
              [
                23.19148936170213,
                32.20858895705521
              ],
              [
                23.404255319148938,
                40.79754601226994
              ],
              [
                30.21276595744681,
                40.49079754601227
              ]
            ],
            "closed": true,
            "text": [
              "1"
            ]
          },
          "id": "l8gqote5PH",
          "from_name": "Line",
          "to_name": "image",
          "type": "textarea",
          "origin": "manual"
        },
        {
          "original_width": 618,
          "original_height": 428,
          "image_rotation": 0,
          "value": {
            "points": [
              [
                31.70212765957447,
                33.12883435582822
              ],
              [
                40.638297872340424,
                31.901840490797547
              ],
              [
                40.851063829787236,
                40.49079754601227
              ],
              [
                32.12765957446808,
                41.104294478527606
              ]
            ],
            "closed": true
          },
          "id": "K4T6hHYc1l",
          "from_name": "poly",
          "to_name": "image",
          "type": "polygon",
          "origin": "manual"
        },
        {
          "original_width": 618,
          "original_height": 428,
          "image_rotation": 0,
          "value": {
            "points": [
              [
                31.70212765957447,
                33.12883435582822
              ],
              [
                40.638297872340424,
                31.901840490797547
              ],
              [
                40.851063829787236,
                40.49079754601227
              ],
              [
                32.12765957446808,
                41.104294478527606
              ]
            ],
            "closed": true,
            "text": [
              "Bull"
            ]
          },
          "id": "K4T6hHYc1l",
          "from_name": "transcription",
          "to_name": "image",
          "type": "textarea",
          "origin": "manual"
        },
        {
          "original_width": 618,
          "original_height": 428,
          "image_rotation": 0,
          "value": {
            "points": [
              [
                31.70212765957447,
                33.12883435582822
              ],
              [
                40.638297872340424,
                31.901840490797547
              ],
              [
                40.851063829787236,
                40.49079754601227
              ],
              [
                32.12765957446808,
                41.104294478527606
              ]
            ],
            "closed": true,
            "text": [
              "1"
            ]
          },
          "id": "K4T6hHYc1l",
          "from_name": "Line",
          "to_name": "image",
          "type": "textarea",
          "origin": "manual"
        },
        {
          "original_width": 618,
          "original_height": 428,
          "image_rotation": 0,
          "value": {
            "points": [
              [
                76.38297872340426,
                31.595092024539877
              ],
              [
                85.53191489361703,
                30.98159509202454
              ],
              [
                85.95744680851064,
                38.95705521472393
              ],
              [
                76.59574468085107,
                40.1840490797546
              ]
            ],
            "closed": true
          },
          "id": "j8pA3qVcKS",
          "from_name": "poly",
          "to_name": "image",
          "type": "polygon",
          "origin": "manual"
        },
        {
          "original_width": 618,
          "original_height": 428,
          "image_rotation": 0,
          "value": {
            "points": [
              [
                76.38297872340426,
                31.595092024539877
              ],
              [
                85.53191489361703,
                30.98159509202454
              ],
              [
                85.95744680851064,
                38.95705521472393
              ],
              [
                76.59574468085107,
                40.1840490797546
              ]
            ],
            "closed": true,
            "text": [
              "2,99"
            ]
          },
          "id": "j8pA3qVcKS",
          "from_name": "transcription",
          "to_name": "image",
          "type": "textarea",
          "origin": "manual"
        },
        {
          "original_width": 618,
          "original_height": 428,
          "image_rotation": 0,
          "value": {
            "points": [
              [
                76.38297872340426,
                31.595092024539877
              ],
              [
                85.53191489361703,
                30.98159509202454
              ],
              [
                85.95744680851064,
                38.95705521472393
              ],
              [
                76.59574468085107,
                40.1840490797546
              ]
            ],
            "closed": true,
            "text": [
              "1"
            ]
          },
          "id": "j8pA3qVcKS",
          "from_name": "Line",
          "to_name": "image",
          "type": "textarea",
          "origin": "manual"
        },
        {
          "original_width": 618,
          "original_height": 428,
          "image_rotation": 0,
          "value": {
            "points": [
              [
                8.29787234042553,
                53.68098159509202
              ],
              [
                5.1063829787234045,
                53.06748466257669
              ],
              [
                5.319148936170213,
                46.31901840490798
              ],
              [
                8.297872340425531,
                46.625766871165645
              ]
            ],
            "closed": true
          },
          "id": "quOpd4MyFm",
          "from_name": "poly",
          "to_name": "image",
          "type": "polygon",
          "origin": "manual"
        },
        {
          "original_width": 618,
          "original_height": 428,
          "image_rotation": 0,
          "value": {
            "points": [
              [
                8.29787234042553,
                53.68098159509202
              ],
              [
                5.1063829787234045,
                53.06748466257669
              ],
              [
                5.319148936170213,
                46.31901840490798
              ],
              [
                8.297872340425531,
                46.625766871165645
              ]
            ],
            "closed": true,
            "text": [
              "1"
            ]
          },
          "id": "quOpd4MyFm",
          "from_name": "transcription",
          "to_name": "image",
          "type": "textarea",
          "origin": "manual"
        },
        {
          "original_width": 618,
          "original_height": 428,
          "image_rotation": 0,
          "value": {
            "points": [
              [
                8.29787234042553,
                53.68098159509202
              ],
              [
                5.1063829787234045,
                53.06748466257669
              ],
              [
                5.319148936170213,
                46.31901840490798
              ],
              [
                8.297872340425531,
                46.625766871165645
              ]
            ],
            "closed": true,
            "text": [
              "2"
            ]
          },
          "id": "quOpd4MyFm",
          "from_name": "Line",
          "to_name": "image",
          "type": "textarea",
          "origin": "manual"
        },
        {
          "original_width": 618,
          "original_height": 428,
          "image_rotation": 0,
          "value": {
            "points": [
              [
                10.212765957446809,
                54.29447852760736
              ],
              [
                32.97872340425532,
                52.760736196319016
              ],
              [
                32.5531914893617,
                45.70552147239264
              ],
              [
                10.212765957446809,
                46.93251533742331
              ]
            ],
            "closed": true
          },
          "id": "3_IzjEw9C4",
          "from_name": "poly",
          "to_name": "image",
          "type": "polygon",
          "origin": "manual"
        },
        {
          "original_width": 618,
          "original_height": 428,
          "image_rotation": 0,
          "value": {
            "points": [
              [
                10.212765957446809,
                54.29447852760736
              ],
              [
                32.97872340425532,
                52.760736196319016
              ],
              [
                32.5531914893617,
                45.70552147239264
              ],
              [
                10.212765957446809,
                46.93251533742331
              ]
            ],
            "closed": true,
            "text": [
              "Thickshake"
            ]
          },
          "id": "3_IzjEw9C4",
          "from_name": "transcription",
          "to_name": "image",
          "type": "textarea",
          "origin": "manual"
        },
        {
          "original_width": 618,
          "original_height": 428,
          "image_rotation": 0,
          "value": {
            "points": [
              [
                10.212765957446809,
                54.29447852760736
              ],
              [
                32.97872340425532,
                52.760736196319016
              ],
              [
                32.5531914893617,
                45.70552147239264
              ],
              [
                10.212765957446809,
                46.93251533742331
              ]
            ],
            "closed": true,
            "text": [
              "2"
            ]
          },
          "id": "3_IzjEw9C4",
          "from_name": "Line",
          "to_name": "image",
          "type": "textarea",
          "origin": "manual"
        },
        {
          "original_width": 618,
          "original_height": 428,
          "image_rotation": 0,
          "value": {
            "points": [
              [
                33.829787234042556,
                45.0920245398773
              ],
              [
                50.638297872340424,
                45.70552147239264
              ],
              [
                51.91489361702128,
                51.22699386503067
              ],
              [
                34.680851063829785,
                52.147239263803684
              ]
            ],
            "closed": true
          },
          "id": "ommr-8B8Er",
          "from_name": "poly",
          "to_name": "image",
          "type": "polygon",
          "origin": "manual"
        },
        {
          "original_width": 618,
          "original_height": 428,
          "image_rotation": 0,
          "value": {
            "points": [
              [
                33.829787234042556,
                45.0920245398773
              ],
              [
                50.638297872340424,
                45.70552147239264
              ],
              [
                51.91489361702128,
                51.22699386503067
              ],
              [
                34.680851063829785,
                52.147239263803684
              ]
            ],
            "closed": true,
            "text": [
              "Erdbeere"
            ]
          },
          "id": "ommr-8B8Er",
          "from_name": "transcription",
          "to_name": "image",
          "type": "textarea",
          "origin": "manual"
        },
        {
          "original_width": 618,
          "original_height": 428,
          "image_rotation": 0,
          "value": {
            "points": [
              [
                33.829787234042556,
                45.0920245398773
              ],
              [
                50.638297872340424,
                45.70552147239264
              ],
              [
                51.91489361702128,
                51.22699386503067
              ],
              [
                34.680851063829785,
                52.147239263803684
              ]
            ],
            "closed": true,
            "text": [
              "2"
            ]
          },
          "id": "ommr-8B8Er",
          "from_name": "Line",
          "to_name": "image",
          "type": "textarea",
          "origin": "manual"
        },
        {
          "original_width": 618,
          "original_height": 428,
          "image_rotation": 0,
          "value": {
            "points": [
              [
                76.38297872340425,
                45.0920245398773
              ],
              [
                86.17021276595744,
                44.47852760736196
              ],
              [
                86.38297872340425,
                50
              ],
              [
                76.59574468085107,
                50.306748466257666
              ]
            ],
            "closed": true
          },
          "id": "w35tPA0ug8",
          "from_name": "poly",
          "to_name": "image",
          "type": "polygon",
          "origin": "manual"
        },
        {
          "original_width": 618,
          "original_height": 428,
          "image_rotation": 0,
          "value": {
            "points": [
              [
                76.38297872340425,
                45.0920245398773
              ],
              [
                86.17021276595744,
                44.47852760736196
              ],
              [
                86.38297872340425,
                50
              ],
              [
                76.59574468085107,
                50.306748466257666
              ]
            ],
            "closed": true,
            "text": [
              "4,49"
            ]
          },
          "id": "w35tPA0ug8",
          "from_name": "transcription",
          "to_name": "image",
          "type": "textarea",
          "origin": "manual"
        },
        {
          "original_width": 618,
          "original_height": 428,
          "image_rotation": 0,
          "value": {
            "points": [
              [
                76.38297872340425,
                45.0920245398773
              ],
              [
                86.17021276595744,
                44.47852760736196
              ],
              [
                86.38297872340425,
                50
              ],
              [
                76.59574468085107,
                50.306748466257666
              ]
            ],
            "closed": true,
            "text": [
              "2"
            ]
          },
          "id": "w35tPA0ug8",
          "from_name": "Line",
          "to_name": "image",
          "type": "textarea",
          "origin": "manual"
        },
        {
          "original_width": 618,
          "original_height": 428,
          "image_rotation": 0,
          "value": {
            "points": [
              [
                8.51063829787234,
                60.42944785276074
              ],
              [
                5.531914893617022,
                60.42944785276074
              ],
              [
                4.8936170212765955,
                54.29447852760736
              ],
              [
                8.51063829787234,
                54.29447852760736
              ]
            ],
            "closed": true
          },
          "id": "vVLIKWw1-5",
          "from_name": "poly",
          "to_name": "image",
          "type": "polygon",
          "origin": "manual"
        },
        {
          "original_width": 618,
          "original_height": 428,
          "image_rotation": 0,
          "value": {
            "points": [
              [
                8.51063829787234,
                60.42944785276074
              ],
              [
                5.531914893617022,
                60.42944785276074
              ],
              [
                4.8936170212765955,
                54.29447852760736
              ],
              [
                8.51063829787234,
                54.29447852760736
              ]
            ],
            "closed": true,
            "text": [
              "1"
            ]
          },
          "id": "vVLIKWw1-5",
          "from_name": "transcription",
          "to_name": "image",
          "type": "textarea",
          "origin": "manual"
        },
        {
          "original_width": 618,
          "original_height": 428,
          "image_rotation": 0,
          "value": {
            "points": [
              [
                8.51063829787234,
                60.42944785276074
              ],
              [
                5.531914893617022,
                60.42944785276074
              ],
              [
                4.8936170212765955,
                54.29447852760736
              ],
              [
                8.51063829787234,
                54.29447852760736
              ]
            ],
            "closed": true,
            "text": [
              "3"
            ]
          },
          "id": "vVLIKWw1-5",
          "from_name": "Line",
          "to_name": "image",
          "type": "textarea",
          "origin": "manual"
        },
        {
          "original_width": 618,
          "original_height": 428,
          "image_rotation": 0,
          "value": {
            "points": [
              [
                14.680851063829786,
                61.96319018404908
              ],
              [
                24.04255319148936,
                61.04294478527607
              ],
              [
                23.829787234042552,
                53.987730061349694
              ],
              [
                14.042553191489361,
                53.987730061349694
              ]
            ],
            "closed": true
          },
          "id": "8A3O-gpkY8",
          "from_name": "poly",
          "to_name": "image",
          "type": "polygon",
          "origin": "manual"
        },
        {
          "original_width": 618,
          "original_height": 428,
          "image_rotation": 0,
          "value": {
            "points": [
              [
                14.680851063829786,
                61.96319018404908
              ],
              [
                24.04255319148936,
                61.04294478527607
              ],
              [
                23.829787234042552,
                53.987730061349694
              ],
              [
                14.042553191489361,
                53.987730061349694
              ]
            ],
            "closed": true,
            "text": [
              "Wrap"
            ]
          },
          "id": "8A3O-gpkY8",
          "from_name": "transcription",
          "to_name": "image",
          "type": "textarea",
          "origin": "manual"
        },
        {
          "original_width": 618,
          "original_height": 428,
          "image_rotation": 0,
          "value": {
            "points": [
              [
                14.680851063829786,
                61.96319018404908
              ],
              [
                24.04255319148936,
                61.04294478527607
              ],
              [
                23.829787234042552,
                53.987730061349694
              ],
              [
                14.042553191489361,
                53.987730061349694
              ]
            ],
            "closed": true,
            "text": [
              "3"
            ]
          },
          "id": "8A3O-gpkY8",
          "from_name": "Line",
          "to_name": "image",
          "type": "textarea",
          "origin": "manual"
        },
        {
          "original_width": 618,
          "original_height": 428,
          "image_rotation": 0,
          "value": {
            "points": [
              [
                25.53191489361702,
                59.20245398773006
              ],
              [
                38.723404255319146,
                59.20245398773006
              ],
              [
                39.361702127659576,
                52.147239263803684
              ],
              [
                25.106382978723403,
                53.06748466257669
              ]
            ],
            "closed": true
          },
          "id": "tBUeovn1Gs",
          "from_name": "poly",
          "to_name": "image",
          "type": "polygon",
          "origin": "manual"
        },
        {
          "original_width": 618,
          "original_height": 428,
          "image_rotation": 0,
          "value": {
            "points": [
              [
                25.53191489361702,
                59.20245398773006
              ],
              [
                38.723404255319146,
                59.20245398773006
              ],
              [
                39.361702127659576,
                52.147239263803684
              ],
              [
                25.106382978723403,
                53.06748466257669
              ]
            ],
            "closed": true,
            "text": [
              "Heißer"
            ]
          },
          "id": "tBUeovn1Gs",
          "from_name": "transcription",
          "to_name": "image",
          "type": "textarea",
          "origin": "manual"
        },
        {
          "original_width": 618,
          "original_height": 428,
          "image_rotation": 0,
          "value": {
            "points": [
              [
                25.53191489361702,
                59.20245398773006
              ],
              [
                38.723404255319146,
                59.20245398773006
              ],
              [
                39.361702127659576,
                52.147239263803684
              ],
              [
                25.106382978723403,
                53.06748466257669
              ]
            ],
            "closed": true,
            "text": [
              "3"
            ]
          },
          "id": "tBUeovn1Gs",
          "from_name": "Line",
          "to_name": "image",
          "type": "textarea",
          "origin": "manual"
        },
        {
          "original_width": 618,
          "original_height": 428,
          "image_rotation": 0,
          "value": {
            "points": [
              [
                40.638297872340424,
                58.58895705521472
              ],
              [
                59.57446808510638,
                58.282208588957054
              ],
              [
                59.787234042553195,
                50.306748466257666
              ],
              [
                40.42553191489362,
                52.147239263803684
              ]
            ],
            "closed": true
          },
          "id": "tW5_qQ7Iij",
          "from_name": "poly",
          "to_name": "image",
          "type": "polygon",
          "origin": "manual"
        },
        {
          "original_width": 618,
          "original_height": 428,
          "image_rotation": 0,
          "value": {
            "points": [
              [
                40.638297872340424,
                58.58895705521472
              ],
              [
                59.57446808510638,
                58.282208588957054
              ],
              [
                59.787234042553195,
                50.306748466257666
              ],
              [
                40.42553191489362,
                52.147239263803684
              ]
            ],
            "closed": true,
            "text": [
              "Schlitten"
            ]
          },
          "id": "tW5_qQ7Iij",
          "from_name": "transcription",
          "to_name": "image",
          "type": "textarea",
          "origin": "manual"
        },
        {
          "original_width": 618,
          "original_height": 428,
          "image_rotation": 0,
          "value": {
            "points": [
              [
                40.638297872340424,
                58.58895705521472
              ],
              [
                59.57446808510638,
                58.282208588957054
              ],
              [
                59.787234042553195,
                50.306748466257666
              ],
              [
                40.42553191489362,
                52.147239263803684
              ]
            ],
            "closed": true,
            "text": [
              "3"
            ]
          },
          "id": "tW5_qQ7Iij",
          "from_name": "Line",
          "to_name": "image",
          "type": "textarea",
          "origin": "manual"
        },
        {
          "original_width": 618,
          "original_height": 428,
          "image_rotation": 0,
          "value": {
            "points": [
              [
                76.80851063829788,
                57.36196319018405
              ],
              [
                86.17021276595744,
                57.36196319018405
              ],
              [
                86.59574468085107,
                50.306748466257666
              ],
              [
                77.02127659574468,
                50.306748466257666
              ]
            ],
            "closed": true
          },
          "id": "bFejmBjAW4",
          "from_name": "poly",
          "to_name": "image",
          "type": "polygon",
          "origin": "manual"
        },
        {
          "original_width": 618,
          "original_height": 428,
          "image_rotation": 0,
          "value": {
            "points": [
              [
                76.80851063829788,
                57.36196319018405
              ],
              [
                86.17021276595744,
                57.36196319018405
              ],
              [
                86.59574468085107,
                50.306748466257666
              ],
              [
                77.02127659574468,
                50.306748466257666
              ]
            ],
            "closed": true,
            "text": [
              "5,99"
            ]
          },
          "id": "bFejmBjAW4",
          "from_name": "transcription",
          "to_name": "image",
          "type": "textarea",
          "origin": "manual"
        },
        {
          "original_width": 618,
          "original_height": 428,
          "image_rotation": 0,
          "value": {
            "points": [
              [
                76.80851063829788,
                57.36196319018405
              ],
              [
                86.17021276595744,
                57.36196319018405
              ],
              [
                86.59574468085107,
                50.306748466257666
              ],
              [
                77.02127659574468,
                50.306748466257666
              ]
            ],
            "closed": true,
            "text": [
              "3"
            ]
          },
          "id": "bFejmBjAW4",
          "from_name": "Line",
          "to_name": "image",
          "type": "textarea",
          "origin": "manual"
        },
        {
          "original_width": 618,
          "original_height": 428,
          "image_rotation": 0,
          "value": {
            "points": [
              [
                18.51063829787234,
                72.69938650306749
              ],
              [
                17.659574468085108,
                66.56441717791411
              ],
              [
                4.680851063829787,
                65.6441717791411
              ],
              [
                5.1063829787234045,
                74.23312883435582
              ]
            ],
            "closed": true
          },
          "id": "bZ1H37Gjvh",
          "from_name": "poly",
          "to_name": "image",
          "type": "polygon",
          "origin": "manual"
        },
        {
          "original_width": 618,
          "original_height": 428,
          "image_rotation": 0,
          "value": {
            "points": [
              [
                18.51063829787234,
                72.69938650306749
              ],
              [
                17.659574468085108,
                66.56441717791411
              ],
              [
                4.680851063829787,
                65.6441717791411
              ],
              [
                5.1063829787234045,
                74.23312883435582
              ]
            ],
            "closed": true,
            "text": [
              "Netto"
            ]
          },
          "id": "bZ1H37Gjvh",
          "from_name": "transcription",
          "to_name": "image",
          "type": "textarea",
          "origin": "manual"
        },
        {
          "original_width": 618,
          "original_height": 428,
          "image_rotation": 0,
          "value": {
            "points": [
              [
                18.51063829787234,
                72.69938650306749
              ],
              [
                17.659574468085108,
                66.56441717791411
              ],
              [
                4.680851063829787,
                65.6441717791411
              ],
              [
                5.1063829787234045,
                74.23312883435582
              ]
            ],
            "closed": true,
            "text": [
              "4"
            ]
          },
          "id": "bZ1H37Gjvh",
          "from_name": "Line",
          "to_name": "image",
          "type": "textarea",
          "origin": "manual"
        },
        {
          "original_width": 618,
          "original_height": 428,
          "image_rotation": 0,
          "value": {
            "points": [
              [
                76.59574468085107,
                60.122699386503065
              ],
              [
                89.57446808510639,
                59.8159509202454
              ],
              [
                90,
                68.09815950920246
              ],
              [
                77.23404255319149,
                67.79141104294479
              ]
            ],
            "closed": true
          },
          "id": "Oq8qgB-_DV",
          "from_name": "poly",
          "to_name": "image",
          "type": "polygon",
          "origin": "manual"
        },
        {
          "original_width": 618,
          "original_height": 428,
          "image_rotation": 0,
          "value": {
            "points": [
              [
                76.59574468085107,
                60.122699386503065
              ],
              [
                89.57446808510639,
                59.8159509202454
              ],
              [
                90,
                68.09815950920246
              ],
              [
                77.23404255319149,
                67.79141104294479
              ]
            ],
            "closed": true,
            "text": [
              "12,52"
            ]
          },
          "id": "Oq8qgB-_DV",
          "from_name": "transcription",
          "to_name": "image",
          "type": "textarea",
          "origin": "manual"
        },
        {
          "original_width": 618,
          "original_height": 428,
          "image_rotation": 0,
          "value": {
            "points": [
              [
                76.59574468085107,
                60.122699386503065
              ],
              [
                89.57446808510639,
                59.8159509202454
              ],
              [
                90,
                68.09815950920246
              ],
              [
                77.23404255319149,
                67.79141104294479
              ]
            ],
            "closed": true,
            "text": [
              "4"
            ]
          },
          "id": "Oq8qgB-_DV",
          "from_name": "Line",
          "to_name": "image",
          "type": "textarea",
          "origin": "manual"
        },
        {
          "original_width": 618,
          "original_height": 428,
          "image_rotation": 0,
          "value": {
            "points": [
              [
                20.212765957446805,
                79.4478527607362
              ],
              [
                5.319148936170213,
                81.28834355828221
              ],
              [
                5.319148936170213,
                73.92638036809817
              ],
              [
                20.21276595744681,
                72.39263803680981
              ]
            ],
            "closed": true
          },
          "id": "-QVMejomEH",
          "from_name": "poly",
          "to_name": "image",
          "type": "polygon",
          "origin": "manual"
        },
        {
          "original_width": 618,
          "original_height": 428,
          "image_rotation": 0,
          "value": {
            "points": [
              [
                20.212765957446805,
                79.4478527607362
              ],
              [
                5.319148936170213,
                81.28834355828221
              ],
              [
                5.319148936170213,
                73.92638036809817
              ],
              [
                20.21276595744681,
                72.39263803680981
              ]
            ],
            "closed": true,
            "text": [
              "Gesamt"
            ]
          },
          "id": "-QVMejomEH",
          "from_name": "transcription",
          "to_name": "image",
          "type": "textarea",
          "origin": "manual"
        },
        {
          "original_width": 618,
          "original_height": 428,
          "image_rotation": 0,
          "value": {
            "points": [
              [
                20.212765957446805,
                79.4478527607362
              ],
              [
                5.319148936170213,
                81.28834355828221
              ],
              [
                5.319148936170213,
                73.92638036809817
              ],
              [
                20.21276595744681,
                72.39263803680981
              ]
            ],
            "closed": true,
            "text": [
              "5"
            ]
          },
          "id": "-QVMejomEH",
          "from_name": "Line",
          "to_name": "image",
          "type": "textarea",
          "origin": "manual"
        },
        {
          "original_width": 618,
          "original_height": 428,
          "image_rotation": 0,
          "value": {
            "points": [
              [
                88.93617021276596,
                75.4601226993865
              ],
              [
                77.87234042553192,
                75.4601226993865
              ],
              [
                77.65957446808511,
                67.79141104294479
              ],
              [
                89.36170212765957,
                68.09815950920246
              ]
            ],
            "closed": true
          },
          "id": "uoexmlKVrZ",
          "from_name": "poly",
          "to_name": "image",
          "type": "polygon",
          "origin": "manual"
        },
        {
          "original_width": 618,
          "original_height": 428,
          "image_rotation": 0,
          "value": {
            "points": [
              [
                88.93617021276596,
                75.4601226993865
              ],
              [
                77.87234042553192,
                75.4601226993865
              ],
              [
                77.65957446808511,
                67.79141104294479
              ],
              [
                89.36170212765957,
                68.09815950920246
              ]
            ],
            "closed": true,
            "text": [
              "13,72"
            ]
          },
          "id": "uoexmlKVrZ",
          "from_name": "transcription",
          "to_name": "image",
          "type": "textarea",
          "origin": "manual"
        },
        {
          "original_width": 618,
          "original_height": 428,
          "image_rotation": 0,
          "value": {
            "points": [
              [
                88.93617021276596,
                75.4601226993865
              ],
              [
                77.87234042553192,
                75.4601226993865
              ],
              [
                77.65957446808511,
                67.79141104294479
              ],
              [
                89.36170212765957,
                68.09815950920246
              ]
            ],
            "closed": true,
            "text": [
              "5"
            ]
          },
          "id": "uoexmlKVrZ",
          "from_name": "Line",
          "to_name": "image",
          "type": "textarea",
          "origin": "manual"
        },
        {
          "original_width": 618,
          "original_height": 428,
          "image_rotation": 0,
          "value": {
            "points": [
              [
                5.319148936170213,
                96.62576687116562
              ],
              [
                29.361702127659573,
                93.25153374233129
              ],
              [
                29.574468085106382,
                83.43558282208589
              ],
              [
                4.680851063829787,
                86.50306748466258
              ]
            ],
            "closed": true
          },
          "id": "E5EhjL0r7Y",
          "from_name": "poly",
          "to_name": "image",
          "type": "polygon",
          "origin": "manual"
        },
        {
          "original_width": 618,
          "original_height": 428,
          "image_rotation": 0,
          "value": {
            "points": [
              [
                5.319148936170213,
                96.62576687116562
              ],
              [
                29.361702127659573,
                93.25153374233129
              ],
              [
                29.574468085106382,
                83.43558282208589
              ],
              [
                4.680851063829787,
                86.50306748466258
              ]
            ],
            "closed": true,
            "text": [
              "Mastercard"
            ]
          },
          "id": "E5EhjL0r7Y",
          "from_name": "transcription",
          "to_name": "image",
          "type": "textarea",
          "origin": "manual"
        },
        {
          "original_width": 618,
          "original_height": 428,
          "image_rotation": 0,
          "value": {
            "points": [
              [
                5.319148936170213,
                96.62576687116562
              ],
              [
                29.361702127659573,
                93.25153374233129
              ],
              [
                29.574468085106382,
                83.43558282208589
              ],
              [
                4.680851063829787,
                86.50306748466258
              ]
            ],
            "closed": true,
            "text": [
              "6"
            ]
          },
          "id": "E5EhjL0r7Y",
          "from_name": "Line",
          "to_name": "image",
          "type": "textarea",
          "origin": "manual"
        },
        {
          "original_width": 618,
          "original_height": 428,
          "image_rotation": 0,
          "value": {
            "points": [
              [
                77.23404255319149,
                78.83435582822088
              ],
              [
                88.93617021276596,
                78.52760736196319
              ],
              [
                88.93617021276596,
                87.42331288343559
              ],
              [
                77.65957446808511,
                88.34355828220859
              ]
            ],
            "closed": true
          },
          "id": "5G2Rm23_w7",
          "from_name": "poly",
          "to_name": "image",
          "type": "polygon",
          "origin": "manual"
        },
        {
          "original_width": 618,
          "original_height": 428,
          "image_rotation": 0,
          "value": {
            "points": [
              [
                77.23404255319149,
                78.83435582822088
              ],
              [
                88.93617021276596,
                78.52760736196319
              ],
              [
                88.93617021276596,
                87.42331288343559
              ],
              [
                77.65957446808511,
                88.34355828220859
              ]
            ],
            "closed": true,
            "text": [
              "13,72"
            ]
          },
          "id": "5G2Rm23_w7",
          "from_name": "transcription",
          "to_name": "image",
          "type": "textarea",
          "origin": "manual"
        },
        {
          "original_width": 618,
          "original_height": 428,
          "image_rotation": 0,
          "value": {
            "points": [
              [
                77.23404255319149,
                78.83435582822088
              ],
              [
                88.93617021276596,
                78.52760736196319
              ],
              [
                88.93617021276596,
                87.42331288343559
              ],
              [
                77.65957446808511,
                88.34355828220859
              ]
            ],
            "closed": true,
            "text": [
              "6"
            ]
          },
          "id": "5G2Rm23_w7",
          "from_name": "Line",
          "to_name": "image",
          "type": "textarea",
          "origin": "manual"
        }
      ],
      "was_cancelled": false,
      "ground_truth": false,
      "created_at": "2023-05-28T18:32:16.085789Z",
      "updated_at": "2023-05-28T18:32:16.085821Z",
      "lead_time": 751.962,
      "last_action": null,
      "task": 25,
      "project": 3,
      "updated_by": 1,
      "parent_prediction": null,
      "parent_annotation": null,
      "last_created_by": null
    }
  ],
  "predictions": []
}